model,model_label,as_of,forecast_date,probability,outcome,brier,anchor_probability,agent_probability,raw_agent_adjustment,agent_adjustment,adjusted_probability,validation_status,rationale,supporting_evidence,countervailing_evidence,direction,langfuse_trace_id,langfuse_trace_url
historical_frequency,Historical frequency,2018-01-01,2018-04-01,0.06375227686703097,0.0,0.004064352805730572,,,,,,,,[],[],,,
logistic_c_0_001,Logistic (C=0.001),2018-01-01,2018-04-01,0.05827915949664922,0.0,0.003396460431635879,,,,,,,,[],[],,,
xgb_50_depth2_lr0_03_minchild3_l2_5,XGBoost (50 trees),2018-01-01,2018-04-01,0.03169894590973854,0.0,0.0010048231717885298,,,,,,,,[],[],,,
hybrid_anchor,Hybrid anchor (logistic),2018-01-01,2018-04-01,0.05827915949664922,0.0,0.003396460431635879,0.05827915949664922,,,,,,,[],[],,,
analyst_agent,Analyst agent,2018-01-01,2018-04-01,0.05,0.0,0.0025000000000000005,,,,,,,"IPMAN momentum remains positive over three months. Macro indicators, including a positive yield spread and low VIX, suggest a stable environment, outweighing the minor one-month IPMAN decline.",[],[],,,
hybrid_agent_adjusted,Hybrid agent adjusted,2018-01-01,2018-04-01,0.058,0.0,0.0033640000000000002,0.05827916180498346,0.058,-0.0002791618049834549,-0.0002791618049834549,0.058,passed,"IPMAN trends remain positive over three and six months, and macroeconomic indicators like low credit spreads and strong equity returns suggest a stable environment, keeping the probability of manufacturing stress near the historical base rate.","[""None are material""]","[""Positive 3-month IPMAN growth of 0.88% and strong 12-month XLI returns of 23.98%.""]",neutral,,
adaptive_agent,Adaptive agent,2018-01-01,2018-04-01,0.058,0.0,0.0033640000000000002,0.05827916180498346,0.058,-0.0002791618049834549,-0.0002791618049834549,0.058,passed,"The 3-month IPMAN change is positive (+0.88%), indicating no immediate stress. Macro indicators, including a positive yield spread and low VIX, suggest a stable environment, keeping the probability near the statistical anchor.","[""Positive 3-month IPMAN change of 0.88%.""]","[""None are material.""]",neutral,f6d00ad800b001c0e5d40d233f1f5174,https://us.cloud.langfuse.com/project/cmqqnar8v0eboad0cc5f3qinp/traces/f6d00ad800b001c0e5d40d233f1f5174
historical_frequency,Historical frequency,2018-02-01,2018-05-01,0.06363636363636363,0.0,0.004049586776859503,,,,,,,,[],[],,,
logistic_c_0_001,Logistic (C=0.001),2018-02-01,2018-05-01,0.05780021418284348,0.0,0.0033408647595825807,,,,,,,,[],[],,,
xgb_50_depth2_lr0_03_minchild3_l2_5,XGBoost (50 trees),2018-02-01,2018-05-01,0.05238844081759453,0.0,0.0027445487312986044,,,,,,,,[],[],,,
hybrid_anchor,Hybrid anchor (logistic),2018-02-01,2018-05-01,0.05780021418284348,0.0,0.0033408647595825807,0.05780021418284348,,,,,,,[],[],,,
analyst_agent,Analyst agent,2018-02-01,2018-05-01,0.08,0.0,0.0064,,,,,,,"IPMAN momentum is slightly negative but far from the -2% threshold. Macro indicators like the positive yield spread and strong equity returns suggest a resilient environment, keeping the probability near the historical base rate.",[],[],,,
hybrid_agent_adjusted,Hybrid agent adjusted,2018-02-01,2018-05-01,0.065,0.0,0.0042250000000000005,0.05780021226974176,0.065,0.007199787730258242,0.007199787730258242,0.065,passed,"IPMAN trends are slightly negative but remain well above the -2% stress threshold. Macro indicators like low unemployment and positive equity returns suggest resilience, keeping the probability of manufacturing stress low.","[""IPMAN 3-month change is negative at -0.50%""]","[""Strong 12-month equity returns (SPY and XLI) and low unemployment rate (4.0%)""]",neutral,,
adaptive_agent,Adaptive agent,2018-02-01,2018-05-01,0.055,0.0,0.003025,0.05780021226974176,0.055,-0.00280021226974176,-0.00280021226974176,0.055,passed,The 3-month IPMAN contraction of -0.50% remains well above the -2% stress threshold. Strong equity returns (SPY/XLI) and stable macro indicators suggest low near-term risk of manufacturing stress.,"[""3-month IPMAN contraction of -0.50% is significantly above the -2% stress threshold.""]","[""None are material.""]",down,fc27f92f44d0f81119703df1efa71aef,https://us.cloud.langfuse.com/project/cmqqnar8v0eboad0cc5f3qinp/traces/fc27f92f44d0f81119703df1efa71aef
historical_frequency,Historical frequency,2018-03-01,2018-06-01,0.06352087114337568,0.0,0.004034901070813337,,,,,,,,[],[],,,
logistic_c_0_001,Logistic (C=0.001),2018-03-01,2018-06-01,0.05796100576794664,0.0,0.0033594781896319438,,,,,,,,[],[],,,
xgb_50_depth2_lr0_03_minchild3_l2_5,XGBoost (50 trees),2018-03-01,2018-06-01,0.030501529574394226,0.0,0.0009303433063776456,,,,,,,,[],[],,,
hybrid_anchor,Hybrid anchor (logistic),2018-03-01,2018-06-01,0.05796100576794664,0.0,0.0033594781896319438,0.05796100576794664,,,,,,,[],[],,,
analyst_agent,Analyst agent,2018-03-01,2018-06-01,0.05,0.0,0.0025000000000000005,,,,,,,"IPMAN momentum is positive, and macro indicators like low unemployment and positive equity returns suggest stability. The base rate is low, and no signals currently indicate an imminent contraction in manufacturing activity.",[],[],,,
hybrid_agent_adjusted,Hybrid agent adjusted,2018-03-01,2018-06-01,0.058,0.0,0.0033640000000000002,0.05796100932603686,0.058,3.899067396314487e-05,3.899067396314487e-05,0.058,passed,"IPMAN trends remain positive over 1, 3, and 6 months. Macro indicators, including low unemployment and positive equity returns, suggest no immediate manufacturing stress. The statistical anchor remains low, reflecting stable conditions.","[""None are material""]","[""Positive 3-month IPMAN growth of 0.29% and stable macroeconomic indicators like low unemployment and positive XLI returns.""]",neutral,,
adaptive_agent,Adaptive agent,2018-03-01,2018-06-01,0.055,0.0,0.003025,0.05796100932603686,0.055,-0.002961009326036858,-0.002961009326036858,0.055,passed,"The 3-month IPMAN change is positive (+0.29%), indicating no immediate stress. With stable macro indicators and a healthy distance from the -2% threshold, the probability of stress remains low, slightly below the statistical anchor.","[""None are material""]","[""Positive 3-month IPMAN growth of 0.29% and stable macroeconomic indicators.""]",down,e8c6cef9feee7faad939c1f8f82b3901,https://us.cloud.langfuse.com/project/cmqqnar8v0eboad0cc5f3qinp/traces/e8c6cef9feee7faad939c1f8f82b3901
historical_frequency,Historical frequency,2018-04-01,2018-07-01,0.06340579710144928,0.0,0.004020295106070154,,,,,,,,[],[],,,
logistic_c_0_001,Logistic (C=0.001),2018-04-01,2018-07-01,0.061187908035554274,0.0,0.003743960089767447,,,,,,,,[],[],,,
xgb_50_depth2_lr0_03_minchild3_l2_5,XGBoost (50 trees),2018-04-01,2018-07-01,0.030335301533341408,0.0,0.0009202305191187456,,,,,,,,[],[],,,
hybrid_anchor,Hybrid anchor (logistic),2018-04-01,2018-07-01,0.061187908035554274,0.0,0.003743960089767447,0.061187908035554274,,,,,,,[],[],,,
analyst_agent,Analyst agent,2018-04-01,2018-07-01,0.08,0.0,0.0064,,,,,,,"IPMAN momentum remains positive over three months. While recent monthly data shows a slight dip and equity returns are soft, macro indicators like low unemployment and a positive yield spread suggest no immediate manufacturing contraction.",[],[],,,
hybrid_agent_adjusted,Hybrid agent adjusted,2018-04-01,2018-07-01,0.065,0.0,0.0042250000000000005,0.06118790124122692,0.065,0.003812098758773079,0.003812098758773079,0.065,passed,"The 3-month IPMAN trend remains positive, and the trailing base rate is zero. However, recent monthly declines and negative 3-month equity returns (SPY/XLI) suggest a slight increase in near-term downside risk.","[""Negative 1-month IPMAN change and negative 3-month XLI return.""]","[""Positive 3-month and 6-month IPMAN growth trends.""]",up,,
adaptive_agent,Adaptive agent,2018-04-01,2018-07-01,0.065,0.0,0.0042250000000000005,0.06118790124122692,0.065,0.003812098758773079,0.003812098758773079,0.065,passed,"The 3-month IPMAN change is positive (+0.497%), indicating no immediate stress. While the 1-month change is negative, the overall trend remains well above the -2% threshold, supporting a low probability of stress.","[""3-month IPMAN change is positive at 0.497%""]","[""1-month IPMAN change is negative at -0.054%""]",neutral,8ac6646cb0d6caccd722586eb0e80a19,https://us.cloud.langfuse.com/project/cmqqnar8v0eboad0cc5f3qinp/traces/8ac6646cb0d6caccd722586eb0e80a19
historical_frequency,Historical frequency,2018-05-01,2018-08-01,0.06329113924050633,0.0,0.00400576830636116,,,,,,,,[],[],,,
logistic_c_0_001,Logistic (C=0.001),2018-05-01,2018-08-01,0.059623951120558974,0.0,0.003555015547226806,,,,,,,,[],[],,,
xgb_50_depth2_lr0_03_minchild3_l2_5,XGBoost (50 trees),2018-05-01,2018-08-01,0.04841608554124832,0.0,0.0023441173391374748,,,,,,,,[],[],,,
hybrid_anchor,Hybrid anchor (logistic),2018-05-01,2018-08-01,0.059623951120558974,0.0,0.003555015547226806,0.059623951120558974,,,,,,,[],[],,,
analyst_agent,Analyst agent,2018-05-01,2018-08-01,0.08,0.0,0.0064,,,,,,,"IPMAN momentum is positive and stable. While equity returns (SPY/XLI) are weak, the yield curve is not inverted and unemployment remains low, suggesting no immediate manufacturing contraction despite recent market volatility.",[],[],,,
hybrid_agent_adjusted,Hybrid agent adjusted,2018-05-01,2018-08-01,0.085,0.0,0.007225000000000001,0.05962395510338089,0.085,0.025376044896619113,0.025376044896619113,0.085,passed,"IPMAN trends remain positive, but significant declines in 3-month equity returns (SPY and XLI) and a narrowing yield spread suggest rising macroeconomic headwinds that increase the risk of manufacturing stress over the next quarter.","[""XLI_RETURN_3M of -9.05% indicates significant sector-specific market pessimism.""]","[""IPMAN_change_3m_pct remains positive at 1.57%, indicating current production growth.""]",up,,
adaptive_agent,Adaptive agent,2018-05-01,2018-08-01,0.055,0.0,0.003025,0.05962395510338089,0.055,-0.004623955103380893,-0.004623955103380893,0.055,passed,"IPMAN shows positive 3-month growth (+1.57%), far from the -2% stress threshold. While equity returns (SPY/XLI) are negative, labor market and credit conditions remain stable, supporting a low probability of near-term manufacturing stress.","[""Positive 3-month IPMAN growth of 1.57%.""]","[""Negative 3-month returns for SPY (-5.79%) and XLI (-9.05%).""]",down,8c835681f2ecc85405cda705d9465621,https://us.cloud.langfuse.com/project/cmqqnar8v0eboad0cc5f3qinp/traces/8c835681f2ecc85405cda705d9465621
historical_frequency,Historical frequency,2018-06-01,2018-09-01,0.0631768953068592,0.0,0.0039913201006138484,,,,,,,,[],[],,,
logistic_c_0_001,Logistic (C=0.001),2018-06-01,2018-09-01,0.06336615679077409,0.0,0.004015269826432966,,,,,,,,[],[],,,
xgb_50_depth2_lr0_03_minchild3_l2_5,XGBoost (50 trees),2018-06-01,2018-09-01,0.039699967950582504,0.0,0.001576087455277278,,,,,,,,[],[],,,
hybrid_anchor,Hybrid anchor (logistic),2018-06-01,2018-09-01,0.06336615679077409,0.0,0.004015269826432966,0.06336615679077409,,,,,,,[],[],,,
analyst_agent,Analyst agent,2018-06-01,2018-09-01,0.08,0.0,0.0064,,,,,,,"IPMAN momentum is slightly negative but well above the -2% stress threshold. Macro conditions remain supportive with a positive yield curve and low unemployment, suggesting low near-term risk of a manufacturing contraction.",[],[],,,
hybrid_agent_adjusted,Hybrid agent adjusted,2018-06-01,2018-09-01,0.075,0.0,0.005625,0.0633661684100344,0.075,0.011633831589965601,0.011633831589965601,0.075,passed,"IPMAN trends are stable, but the negative 3-month XLI return suggests sector-specific weakness. Low unemployment and positive yield spread provide a buffer, keeping the overall stress probability near the historical base rate.","[""XLI 3-month return is negative at -2.49 percent.""]","[""Unemployment rate remains low at 3.8 percent and the yield spread is positive.""]",neutral,,
adaptive_agent,Adaptive agent,2018-06-01,2018-09-01,0.063,0.0,0.003969,0.0633661684100344,0.063,-0.0003661684100343954,-0.0003661684100343954,0.063,passed,"The 3-month IPMAN contraction of -0.12% remains well above the -2% stress threshold. Macro indicators, including a positive yield spread and stable credit conditions, suggest no immediate systemic manufacturing stress.","[""3-month IPMAN contraction of -0.12% is significantly above the -2% stress threshold.""]","[""None are material.""]",neutral,b7912980aad76af7543b6cfd9b2e2dc8,https://us.cloud.langfuse.com/project/cmqqnar8v0eboad0cc5f3qinp/traces/b7912980aad76af7543b6cfd9b2e2dc8
historical_frequency,Historical frequency,2018-07-01,2018-10-01,0.06306306306306306,0.0,0.003976949922895868,,,,,,,,[],[],,,
logistic_c_0_001,Logistic (C=0.001),2018-07-01,2018-10-01,0.058598132173098255,0.0,0.003433741094175893,,,,,,,,[],[],,,
xgb_50_depth2_lr0_03_minchild3_l2_5,XGBoost (50 trees),2018-07-01,2018-10-01,0.0340878926217556,0.0,0.0011619844233923399,,,,,,,,[],[],,,
hybrid_anchor,Hybrid anchor (logistic),2018-07-01,2018-10-01,0.058598132173098255,0.0,0.003433741094175893,0.058598132173098255,,,,,,,[],[],,,
analyst_agent,Analyst agent,2018-07-01,2018-10-01,0.08,0.0,0.0064,,,,,,,"IPMAN momentum is positive and stable. Macro indicators, including low unemployment and a positive yield curve, suggest resilience. While XLI returns are slightly negative, the overall environment lacks clear signals of imminent manufacturing contraction.",[],[],,,
hybrid_agent_adjusted,Hybrid agent adjusted,2018-07-01,2018-10-01,0.065,0.0,0.0042250000000000005,0.05859814303950494,0.065,0.006401856960495063,0.006401856960495063,0.065,passed,"IPMAN trends remain positive, but the negative 3-month XLI return suggests emerging sector-specific weakness. The low base rate and stable macro environment keep the overall probability of manufacturing stress low.","[""XLI_RETURN_3M is negative at -2.49 percent, indicating potential sector-specific headwinds.""]","[""IPMAN 3-month change is positive at 0.64 percent, showing recent production growth.""]",up,,
adaptive_agent,Adaptive agent,2018-07-01,2018-10-01,0.055,0.0,0.003025,0.05859814303950494,0.055,-0.003598143039504939,-0.003598143039504939,0.055,passed,"IPMAN trends are positive (3-month change +0.64%), remaining well above the -2% stress threshold. Macro indicators like low unemployment and stable credit spreads suggest a low risk of near-term manufacturing stress.","[""XLI_RETURN_3M is negative at -2.49%, suggesting some sector-specific weakness.""]","[""IPMAN 3-month change is positive (+0.64%), indicating growth rather than contraction.""]",down,c7a5fa2ae15c75ca69c9279977c4bfb2,https://us.cloud.langfuse.com/project/cmqqnar8v0eboad0cc5f3qinp/traces/c7a5fa2ae15c75ca69c9279977c4bfb2
historical_frequency,Historical frequency,2018-08-01,2018-11-01,0.06294964028776978,0.0,0.003962657212359609,,,,,,,,[],[],,,
logistic_c_0_001,Logistic (C=0.001),2018-08-01,2018-11-01,0.05714126279903641,0.0,0.0032651239142685424,,,,,,,,[],[],,,
xgb_50_depth2_lr0_03_minchild3_l2_5,XGBoost (50 trees),2018-08-01,2018-11-01,0.029688911512494087,0.0,0.000881431466796704,,,,,,,,[],[],,,
hybrid_anchor,Hybrid anchor (logistic),2018-08-01,2018-11-01,0.05714126279903641,0.0,0.0032651239142685424,0.05714126279903641,,,,,,,[],[],,,
analyst_agent,Analyst agent,2018-08-01,2018-11-01,0.12,0.0,0.0144,,,,,,,"The 3-month IPMAN decline (-4.05%) exceeds the stress threshold, but recent 1-month momentum is positive. Favorable macro conditions (low unemployment, positive yield spread, and strong equity returns) suggest the current contraction is likely transitory.",[],[],,,
hybrid_agent_adjusted,Hybrid agent adjusted,2018-08-01,2018-11-01,0.065,0.0,0.0042250000000000005,0.05714125736879296,0.065,0.00785874263120704,0.00785874263120704,0.065,passed,"The 3-month IPMAN decline of -4.05% exceeds the stress threshold, indicating current weakness. However, positive 1-month momentum and strong equity returns suggest potential stabilization, keeping the probability of future stress relatively low.","[""IPMAN 3-month percentage change of -4.05% exceeds the -2% stress threshold.""]","[""Positive 1-month IPMAN growth and strong 3-month XLI returns suggest near-term recovery.""]",up,,
adaptive_agent,Adaptive agent,2018-08-01,2018-11-01,0.055,0.0,0.003025,0.05714125736879296,0.055,-0.002141257368792962,-0.002141257368792962,0.055,passed,"The 3-month IPMAN contraction of -4.05% exceeds the -2% threshold, indicating current stress. However, the 1-month growth of 5.91% and strong equity returns suggest a potential recovery, warranting a slight downward adjustment from the anchor.","[""3-month IPMAN change of -4.05% is below the -2% stress threshold.""]","[""1-month IPMAN growth of 5.91% and positive 3-month SPY/XLI returns.""]",down,214c7b50864c3b84898bdb91c71a513e,https://us.cloud.langfuse.com/project/cmqqnar8v0eboad0cc5f3qinp/traces/214c7b50864c3b84898bdb91c71a513e
historical_frequency,Historical frequency,2018-09-01,2018-12-01,0.06283662477558348,0.0,0.003948441413187472,,,,,,,,[],[],,,
logistic_c_0_001,Logistic (C=0.001),2018-09-01,2018-12-01,0.05571478817502238,0.0,0.0031041376213876135,,,,,,,,[],[],,,
xgb_50_depth2_lr0_03_minchild3_l2_5,XGBoost (50 trees),2018-09-01,2018-12-01,0.02956486865878105,0.0,0.0008740814588109741,,,,,,,,[],[],,,
hybrid_anchor,Hybrid anchor (logistic),2018-09-01,2018-12-01,0.05571478817502238,0.0,0.0031041376213876135,0.05571478817502238,,,,,,,[],[],,,
analyst_agent,Analyst agent,2018-09-01,2018-12-01,0.05,0.0,0.0025000000000000005,,,,,,,"Positive IPMAN momentum and healthy macro indicators (low unemployment, positive yield spread, strong equity returns) suggest low near-term stress risk. The trailing base rate is zero, supporting a cautious, low-probability outlook.",[],[],,,
hybrid_agent_adjusted,Hybrid agent adjusted,2018-09-01,2018-12-01,0.0557,0.0,0.00310249,0.05571478287466969,0.0557,-1.478287466968875e-05,-1.478287466968875e-05,0.0557,passed,"IPMAN shows positive momentum over three months, and macroeconomic indicators like low unemployment and positive equity returns suggest a stable environment. No evidence of manufacturing stress is present.","[""None are material""]","[""IPMAN 3-month change is positive at 1.00%, indicating growth rather than contraction.""]",neutral,,
adaptive_agent,Adaptive agent,2018-09-01,2018-12-01,0.055,0.0,0.003025,0.05571478287466969,0.055,-0.000714782874669688,-0.000714782874669688,0.055,passed,"IPMAN shows positive 3-month growth (+1.00%), remaining well above the -2% stress threshold. Macro indicators, including low unemployment and positive equity returns, suggest a stable environment, justifying a slight downward adjustment from the anchor.","[""IPMAN 3-month change is positive at 1.00%""]","[""None are material""]",down,5e62e9f1377ec2cd7441c27d27528b68,https://us.cloud.langfuse.com/project/cmqqnar8v0eboad0cc5f3qinp/traces/5e62e9f1377ec2cd7441c27d27528b68
historical_frequency,Historical frequency,2018-10-01,2019-01-01,0.06272401433691756,0.0,0.00393430197453784,,,,,,,,[],[],,,
logistic_c_0_001,Logistic (C=0.001),2018-10-01,2019-01-01,0.055697593735500046,0.0,0.0031022219479248142,,,,,,,,[],[],,,
xgb_50_depth2_lr0_03_minchild3_l2_5,XGBoost (50 trees),2018-10-01,2019-01-01,0.02940630353987217,0.0,0.0008647306878790985,,,,,,,,[],[],,,
hybrid_anchor,Hybrid anchor (logistic),2018-10-01,2019-01-01,0.055697593735500046,0.0,0.0031022219479248142,0.055697593735500046,,,,,,,[],[],,,
analyst_agent,Analyst agent,2018-10-01,2019-01-01,0.04,0.0,0.0016,,,,,,,"IPMAN momentum is strongly positive over 3 months. Macro indicators, including low unemployment and positive equity returns, suggest a stable environment. The lack of recent stress and favorable momentum support a low probability of near-term decline.",[],[],,,
hybrid_agent_adjusted,Hybrid agent adjusted,2018-10-01,2019-01-01,0.055,0.0,0.003025,0.05569760105796562,0.055,-0.0006976010579656175,-0.0006976010579656175,0.055,passed,"IPMAN shows positive momentum over three and six months. Macro indicators, including low unemployment and positive equity returns, suggest a stable environment. No evidence of imminent manufacturing stress is present.","[""none are material""]","[""IPMAN 3-month change is positive at 0.33 percent, well above the stress threshold.""]",down,,
adaptive_agent,Adaptive agent,2018-10-01,2019-01-01,0.05,0.0,0.0025000000000000005,0.05569760105796562,0.05,-0.005697601057965615,-0.005697601057965615,0.05,passed,"IPMAN shows positive 3-month growth (0.33%), far from the -2% stress threshold. Strong equity returns and stable macro indicators suggest low near-term risk of manufacturing contraction.","[""Positive 3-month IPMAN growth of 0.33%""]","[""None are material""]",down,c273ba3dd97a1e7ebc7b6e2ca7652c7e,https://us.cloud.langfuse.com/project/cmqqnar8v0eboad0cc5f3qinp/traces/c273ba3dd97a1e7ebc7b6e2ca7652c7e
historical_frequency,Historical frequency,2018-11-01,2019-02-01,0.0626118067978533,0.0,0.003920238350491709,,,,,,,,[],[],,,
logistic_c_0_001,Logistic (C=0.001),2018-11-01,2019-02-01,0.06453510920404289,0.0,0.004164780319977741,,,,,,,,[],[],,,
xgb_50_depth2_lr0_03_minchild3_l2_5,XGBoost (50 trees),2018-11-01,2019-02-01,0.04872920736670494,0.0,0.002374535650587331,,,,,,,,[],[],,,
hybrid_anchor,Hybrid anchor (logistic),2018-11-01,2019-02-01,0.06453510920404289,0.0,0.004164780319977741,0.06453510920404289,,,,,,,[],[],,,
analyst_agent,Analyst agent,2018-11-01,2019-02-01,0.12,0.0,0.0144,,,,,,,"IPMAN momentum is slightly negative but well above the -2% stress threshold. Macro signals show moderate headwinds (XLI weakness, rising VIX), but the yield curve remains positive and unemployment is low, limiting immediate stress risk.",[],[],,,
hybrid_agent_adjusted,Hybrid agent adjusted,2018-11-01,2019-02-01,0.09453510993897833,0.0,0.00893688701117472,0.06453510993897833,0.12,0.05546489006102166,0.03,0.09453510993897833,clamped,"IPMAN trends remain stable, but negative XLI and SPY returns, combined with a narrowing yield spread, suggest rising downside risks to manufacturing activity over the next three months.","[""XLI_RETURN_3M of -8.71% indicates significant weakness in industrial sector equity performance.""]","[""IPMAN 3-month change of -0.11% remains well above the -2% stress threshold.""]",up,,
adaptive_agent,Adaptive agent,2018-11-01,2019-02-01,0.06,0.0,0.0036,0.06453510993897833,0.06,-0.004535109938978335,-0.004535109938978335,0.06,passed,"The 3-month IPMAN contraction of -0.11% remains far above the -2% stress threshold. Despite negative equity returns, macro indicators like low unemployment and stable credit spreads suggest no immediate systemic manufacturing stress.","[""Negative 3-month equity returns (SPY -3.37%, XLI -8.71%) suggest potential industrial headwinds.""]","[""3-month IPMAN contraction of -0.11% is significantly above the -2% stress threshold.""]",down,0df2d9cf6846f0919870c701d4a47f7e,https://us.cloud.langfuse.com/project/cmqqnar8v0eboad0cc5f3qinp/traces/0df2d9cf6846f0919870c701d4a47f7e
historical_frequency,Historical frequency,2018-12-01,2019-03-01,0.0625,0.0,0.00390625,,,,,,,,[],[],,,
logistic_c_0_001,Logistic (C=0.001),2018-12-01,2019-03-01,0.06427457203620024,0.0,0.004131220610436694,,,,,,,,[],[],,,
xgb_50_depth2_lr0_03_minchild3_l2_5,XGBoost (50 trees),2018-12-01,2019-03-01,0.08102866262197495,0.0,0.00656564416630584,,,,,,,,[],[],,,
hybrid_anchor,Hybrid anchor (logistic),2018-12-01,2019-03-01,0.06427457203620024,0.0,0.004131220610436694,0.06427457203620024,,,,,,,[],[],,,
analyst_agent,Analyst agent,2018-12-01,2019-03-01,0.12,0.0,0.0144,,,,,,,"IPMAN momentum is negative but remains well above the -2% stress threshold. Macro signals like negative XLI returns and tightening credit spreads suggest caution, but the low base rate and stable unemployment limit immediate stress probability.",[],[],,,
hybrid_agent_adjusted,Hybrid agent adjusted,2018-12-01,2019-03-01,0.09427457278729906,0.0,0.008887695074227748,0.06427457278729906,0.12,0.055725427212700934,0.03,0.09427457278729906,clamped,"While the IPMAN three-month decline is modest, the significant negative returns in XLI and SPY, combined with a narrowing yield spread, suggest rising downside risks to manufacturing activity over the next quarter.","[""XLI_RETURN_3M of -8.71% indicates significant sector-specific weakness.""]","[""UNRATE at 3.8% remains historically low, supporting broader economic stability.""]",up,,
adaptive_agent,Adaptive agent,2018-12-01,2019-03-01,0.068,0.0,0.0046240000000000005,0.06427457278729906,0.068,0.0037254272127009436,0.0037254272127009436,0.068,passed,"The 3-month IPMAN contraction of -0.59% is well above the -2% threshold. However, negative 3-month returns in SPY and XLI, combined with a narrowing yield spread, suggest rising downside risks to manufacturing activity.","[""Negative 3-month returns in SPY (-3.37%) and XLI (-8.71%) indicate weakening market sentiment.""]","[""Current 3-month IPMAN contraction of -0.59% remains significantly above the -2% stress threshold.""]",up,539cdca80b5d13687a79529fcca6d715,https://us.cloud.langfuse.com/project/cmqqnar8v0eboad0cc5f3qinp/traces/539cdca80b5d13687a79529fcca6d715
historical_frequency,Historical frequency,2019-01-01,2019-04-01,0.062388591800356503,0.0,0.0038923363868315105,,,,,,,,[],[],,,
logistic_c_0_001,Logistic (C=0.001),2019-01-01,2019-04-01,0.06827462369664905,0.0,0.004661424240919032,,,,,,,,[],[],,,
xgb_50_depth2_lr0_03_minchild3_l2_5,XGBoost (50 trees),2019-01-01,2019-04-01,0.0733458548784256,0.0,0.005379614427847068,,,,,,,,[],[],,,
hybrid_anchor,Hybrid anchor (logistic),2019-01-01,2019-04-01,0.06827462369664905,0.0,0.004661424240919032,0.06827462369664905,,,,,,,[],[],,,
analyst_agent,Analyst agent,2019-01-01,2019-04-01,0.18,0.0,0.0324,,,,,,,"IPMAN momentum is slightly negative but far from the -2% threshold. Weak equity returns and XLI performance suggest manufacturing headwinds, but low unemployment and a positive yield spread provide resilience against immediate stress.",[],[],,,
hybrid_agent_adjusted,Hybrid agent adjusted,2019-01-01,2019-04-01,0.09827461237705169,0.0,0.009657899437859762,0.0682746123770517,0.15,0.0817253876229483,0.03,0.09827461237705169,clamped,"While IPMAN remains stable, significant declines in XLI and SPY returns, combined with a narrowing yield spread, suggest heightened downside risks to manufacturing activity over the next three months.","[""XLI_RETURN_3M of -17.34% and SPY_RETURN_3M of -13.53% indicate significant market-based stress in industrial sectors.""]","[""IPMAN 3-month change of -0.27% is well above the -2% stress threshold.""]",up,,
adaptive_agent,Adaptive agent,2019-01-01,2019-04-01,0.065,0.0,0.0042250000000000005,0.0682746123770517,0.065,-0.0032746123770516916,-0.0032746123770516916,0.065,passed,"The 3-month IPMAN contraction of -0.27% remains well above the -2% stress threshold. While equity market returns are negative, the current IPMAN trend and macro stability suggest a low probability of reaching the stress threshold.","[""3-month IPMAN contraction of -0.27% is significantly above the -2% stress threshold.""]","[""Negative 3-month and 12-month SPY and XLI returns indicate potential headwinds for the manufacturing sector.""]",neutral,008286205a0f9b25652ce58e6ac1855f,https://us.cloud.langfuse.com/project/cmqqnar8v0eboad0cc5f3qinp/traces/008286205a0f9b25652ce58e6ac1855f
historical_frequency,Historical frequency,2019-02-01,2019-05-01,0.06227758007117438,0.0,0.003878496979521536,,,,,,,,[],[],,,
logistic_c_0_001,Logistic (C=0.001),2019-02-01,2019-05-01,0.06430843461757971,0.0,0.004135574762963524,,,,,,,,[],[],,,
xgb_50_depth2_lr0_03_minchild3_l2_5,XGBoost (50 trees),2019-02-01,2019-05-01,0.11629296839237213,0.0,0.013524054497509264,,,,,,,,[],[],,,
hybrid_anchor,Hybrid anchor (logistic),2019-02-01,2019-05-01,0.06430843461757971,0.0,0.004135574762963524,0.06430843461757971,,,,,,,[],[],,,
analyst_agent,Analyst agent,2019-02-01,2019-05-01,0.12,0.0,0.0144,,,,,,,IPMAN momentum is slightly negative but stable. Macro signals are mixed: low unemployment and positive XLI returns offset the narrow yield spread and negative 12-month equity returns. Stress risk remains low given the current stable trend.,[],[],,,
hybrid_agent_adjusted,Hybrid agent adjusted,2019-02-01,2019-05-01,0.085,0.0,0.007225000000000001,0.06430844072951633,0.085,0.020691559270483675,0.020691559270483675,0.085,passed,"IPMAN trends are slightly negative, and the 12-month XLI return is significantly negative, suggesting underlying weakness. However, the 3-month IPMAN decline remains well above the -2% stress threshold, keeping the near-term risk relatively low.","[""XLI 12-month return is negative at -8.26%, indicating industrial sector weakness.""]","[""3-month IPMAN change of -0.77% is well above the -2% stress threshold.""]",up,,
adaptive_agent,Adaptive agent,2019-02-01,2019-05-01,0.064,0.0,0.004096,0.06430844072951633,0.064,-0.0003084407295163294,-0.0003084407295163294,0.064,passed,"The 3-month IPMAN contraction of -0.77% remains well above the -2% stress threshold. Macro indicators, including a positive yield spread and stable credit spreads, suggest no immediate systemic manufacturing stress.","[""3-month trailing IPMAN contraction of -0.77% is significantly above the -2% stress threshold.""]","[""None are material.""]",neutral,16e0c588bb93b1cb103178e9c2b803c8,https://us.cloud.langfuse.com/project/cmqqnar8v0eboad0cc5f3qinp/traces/16e0c588bb93b1cb103178e9c2b803c8
historical_frequency,Historical frequency,2019-03-01,2019-06-01,0.06216696269982238,0.0,0.003864731251321107,,,,,,,,[],[],,,
logistic_c_0_001,Logistic (C=0.001),2019-03-01,2019-06-01,0.06206808432780956,0.0,0.0038524470921240785,,,,,,,,[],[],,,
xgb_50_depth2_lr0_03_minchild3_l2_5,XGBoost (50 trees),2019-03-01,2019-06-01,0.10655960440635681,0.0,0.011354949291239258,,,,,,,,[],[],,,
hybrid_anchor,Hybrid anchor (logistic),2019-03-01,2019-06-01,0.06206808432780956,0.0,0.0038524470921240785,0.06206808432780956,,,,,,,[],[],,,
analyst_agent,Analyst agent,2019-03-01,2019-06-01,0.12,0.0,0.0144,,,,,,,"IPMAN momentum is negative but remains above the -2% threshold. Macro signals like low unemployment and positive yield spread suggest resilience, though tightening conditions warrant caution against a potential acceleration in manufacturing decline.",[],[],,,
hybrid_agent_adjusted,Hybrid agent adjusted,2019-03-01,2019-06-01,0.085,0.0,0.007225000000000001,0.06206809203044091,0.085,0.022931907969559094,0.022931907969559094,0.085,passed,"The 3-month IPMAN decline is accelerating toward the -2% threshold. While macro indicators like low unemployment and positive equity returns provide some buffer, the downward momentum in manufacturing output warrants a slight increase in stress probability.","[""IPMAN 3-month decline of -1.1% indicates negative momentum approaching the stress threshold.""]","[""Low unemployment rate (3.8%) and positive 3-month XLI returns suggest underlying economic resilience.""]",up,,
adaptive_agent,Adaptive agent,2019-03-01,2019-06-01,0.062,0.0,0.0038439999999999998,0.06206809203044091,0.062,-6.809203044091244e-05,-6.809203044091244e-05,0.062,passed,"The 3-month IPMAN contraction of -1.1% remains well above the -2% stress threshold. Macroeconomic indicators, including stable credit spreads and positive equity returns, suggest no immediate systemic manufacturing stress.","[""3-month IPMAN contraction of -1.1% is significantly above the -2% stress threshold.""]","[""None are material.""]",neutral,d7e741bf13795c2004aa3214d5a205e0,https://us.cloud.langfuse.com/project/cmqqnar8v0eboad0cc5f3qinp/traces/d7e741bf13795c2004aa3214d5a205e0
historical_frequency,Historical frequency,2019-04-01,2019-07-01,0.06205673758865248,0.0,0.003851038680146874,,,,,,,,[],[],,,
logistic_c_0_001,Logistic (C=0.001),2019-04-01,2019-07-01,0.058074651480429305,0.0,0.00337266514457333,,,,,,,,[],[],,,
xgb_50_depth2_lr0_03_minchild3_l2_5,XGBoost (50 trees),2019-04-01,2019-07-01,0.07374972105026245,0.0,0.0054390213549915245,,,,,,,,[],[],,,
hybrid_anchor,Hybrid anchor (logistic),2019-04-01,2019-07-01,0.058074651480429305,0.0,0.00337266514457333,0.058074651480429305,,,,,,,[],[],,,
analyst_agent,Analyst agent,2019-04-01,2019-07-01,0.18,0.0,0.0324,,,,,,,"IPMAN momentum is negative and approaching the threshold, but macro conditions remain supportive. Low unemployment, stable credit spreads, and positive equity returns suggest the manufacturing slowdown is not yet systemic or indicative of imminent stress.",[],[],,,
hybrid_agent_adjusted,Hybrid agent adjusted,2019-04-01,2019-07-01,0.08,0.0,0.0064,0.05807465748588282,0.08,0.02192534251411718,0.02192534251411718,0.08,passed,"IPMAN is trending downward, nearing the stress threshold of -2%. While macro indicators like low unemployment and positive equity returns provide support, the momentum in manufacturing output suggests an increased risk of hitting the stress threshold.","[""IPMAN 3-month change is -1.69%, approaching the -2% stress threshold.""]","[""Low unemployment rate (3.8%) and strong 3-month equity returns (SPY +13.5%) indicate broader economic resilience.""]",up,,
adaptive_agent,Adaptive agent,2019-04-01,2019-07-01,0.065,0.0,0.0042250000000000005,0.05807465748588282,0.065,0.00692534251411718,0.00692534251411718,0.065,passed,"The 3-month IPMAN contraction of -1.69% is approaching the -2% threshold. While macro indicators remain stable, the narrowing gap to the stress threshold warrants a slight upward adjustment from the statistical anchor.","[""3-month IPMAN contraction of -1.69% is nearing the -2% stress threshold.""]","[""Stable macroeconomic environment, including low unemployment and positive equity market returns.""]",up,7617a719a99b48cecf3c6d6224142659,https://us.cloud.langfuse.com/project/cmqqnar8v0eboad0cc5f3qinp/traces/7617a719a99b48cecf3c6d6224142659
historical_frequency,Historical frequency,2019-05-01,2019-08-01,0.061946902654867256,0.0,0.0038374187485316,,,,,,,,[],[],,,
logistic_c_0_001,Logistic (C=0.001),2019-05-01,2019-08-01,0.059575988727502575,0.0,0.003549298432859514,,,,,,,,[],[],,,
xgb_50_depth2_lr0_03_minchild3_l2_5,XGBoost (50 trees),2019-05-01,2019-08-01,0.08421660214662552,0.0,0.00709243607712301,,,,,,,,[],[],,,
hybrid_anchor,Hybrid anchor (logistic),2019-05-01,2019-08-01,0.059575988727502575,0.0,0.003549298432859514,0.059575988727502575,,,,,,,[],[],,,
analyst_agent,Analyst agent,2019-05-01,2019-08-01,0.18,0.0,0.0324,,,,,,,"IPMAN momentum is negative and approaching the threshold, but macro conditions remain supportive. Low unemployment, positive equity returns, and a non-inverted yield curve suggest resilience, keeping the probability of a sharp decline relatively low.",[],[],,,
hybrid_agent_adjusted,Hybrid agent adjusted,2019-05-01,2019-08-01,0.085,0.0,0.007225000000000001,0.05957599448343381,0.085,0.0254240055165662,0.0254240055165662,0.085,passed,"IPMAN is trending downward, with a 3-month decline of 1.46% approaching the 2% stress threshold. While macro indicators remain stable, the momentum suggests an increased risk of hitting the threshold within three months.","[""IPMAN 3-month decline of 1.46% is approaching the 2% stress threshold.""]","[""Low VIX and positive equity returns (SPY/XLI) suggest resilient market sentiment.""]",up,,
adaptive_agent,Adaptive agent,2019-05-01,2019-08-01,0.065,0.0,0.0042250000000000005,0.05957599448343381,0.065,0.005424005516566195,0.005424005516566195,0.065,passed,"The 3-month IPMAN contraction of -1.46% is approaching the -2% threshold. While macro signals remain stable, the narrowing gap to the stress threshold warrants a slight upward adjustment from the anchor.","[""3-month IPMAN contraction of -1.46% is trending toward the -2% threshold.""]","[""Stable macroeconomic environment with low unemployment (3.7%) and positive equity market returns.""]",up,992903133b6da9cde56c8b203d6d0e26,https://us.cloud.langfuse.com/project/cmqqnar8v0eboad0cc5f3qinp/traces/992903133b6da9cde56c8b203d6d0e26
historical_frequency,Historical frequency,2019-06-01,2019-09-01,0.061837455830388695,0.0,0.0038238709435752727,,,,,,,,[],[],,,
logistic_c_0_001,Logistic (C=0.001),2019-06-01,2019-09-01,0.057075291243421276,0.0,0.0032575888705213612,,,,,,,,[],[],,,
xgb_50_depth2_lr0_03_minchild3_l2_5,XGBoost (50 trees),2019-06-01,2019-09-01,0.07815449684858322,0.0,0.006108125377655205,,,,,,,,[],[],,,
hybrid_anchor,Hybrid anchor (logistic),2019-06-01,2019-09-01,0.057075291243421276,0.0,0.0032575888705213612,0.057075291243421276,,,,,,,[],[],,,
analyst_agent,Analyst agent,2019-06-01,2019-09-01,0.18,0.0,0.0324,,,,,,,"IPMAN momentum is negative but decelerating, remaining above the -2% threshold. Macro indicators like low unemployment and positive equity returns suggest resilience, offsetting the risk of imminent manufacturing contraction.",[],[],,,
hybrid_agent_adjusted,Hybrid agent adjusted,2019-06-01,2019-09-01,0.065,0.0,0.0042250000000000005,0.05707529679716385,0.065,0.007924703202836149,0.007924703202836149,0.065,passed,"IPMAN is showing a slight downward trend over three months, though it remains above the stress threshold. Macro indicators like low unemployment and positive equity returns suggest resilience, keeping the probability of stress low.","[""IPMAN 3-month percentage change is negative at -0.89 percent.""]","[""Unemployment rate remains low at 3.6 percent and equity markets show positive 3-month returns.""]",up,,
adaptive_agent,Adaptive agent,2019-06-01,2019-09-01,0.055,0.0,0.003025,0.05707529679716385,0.055,-0.002075296797163853,-0.002075296797163853,0.055,passed,"The 3-month IPMAN contraction of -0.89% remains well above the -2% stress threshold. Stable macro indicators, including positive equity returns and low unemployment, support a low probability of imminent manufacturing stress.","[""3-month IPMAN contraction of -0.89% is significantly above the -2% stress threshold.""]","[""None are material; macro signals like low unemployment and positive equity returns suggest stability.""]",down,bbffd0ec8923ea457561a000912a4773,https://us.cloud.langfuse.com/project/cmqqnar8v0eboad0cc5f3qinp/traces/bbffd0ec8923ea457561a000912a4773
historical_frequency,Historical frequency,2019-07-01,2019-10-01,0.06172839506172839,0.0,0.0038103947568968143,,,,,,,,[],[],,,
logistic_c_0_001,Logistic (C=0.001),2019-07-01,2019-10-01,0.057547897883679304,0.0,0.003311760550830381,,,,,,,,[],[],,,
xgb_50_depth2_lr0_03_minchild3_l2_5,XGBoost (50 trees),2019-07-01,2019-10-01,0.030570708215236664,0.0,0.0009345682007811384,,,,,,,,[],[],,,
hybrid_anchor,Hybrid anchor (logistic),2019-07-01,2019-10-01,0.057547897883679304,0.0,0.003311760550830381,0.057547897883679304,,,,,,,[],[],,,
analyst_agent,Analyst agent,2019-07-01,2019-10-01,0.08,0.0,0.0064,,,,,,,"IPMAN momentum is slightly negative but well above the -2% stress threshold. Macro indicators like low unemployment and positive equity returns suggest resilience, offsetting the modest contraction in manufacturing output.",[],[],,,
hybrid_agent_adjusted,Hybrid agent adjusted,2019-07-01,2019-10-01,0.065,0.0,0.0042250000000000005,0.057547896840822135,0.065,0.007452103159177867,0.007452103159177867,0.065,passed,"IPMAN shows slight recent recovery, but the 6-month trend remains weak. Macro indicators like low unemployment and positive equity returns suggest resilience, keeping the probability of stress low despite the negative 3-month IPMAN change.","[""IPMAN 3-month change is negative at -0.27 percent.""]","[""Low unemployment rate (3.6%) and positive 3-month SPY/XLI returns indicate underlying economic stability.""]",neutral,,
adaptive_agent,Adaptive agent,2019-07-01,2019-10-01,0.055,0.0,0.003025,0.057547896840822135,0.055,-0.002547896840822135,-0.002547896840822135,0.055,passed,"The 3-month IPMAN contraction of -0.27% remains well above the -2% stress threshold. Recent 1-month growth of 0.38% and stable macro indicators, including low unemployment and positive equity returns, support a slight downward adjustment from the anchor.","[""3-month IPMAN contraction of -0.27% is significantly above the -2% stress threshold.""]","[""None are material.""]",down,11881dc7efe79cb5806bd480e7bd5e91,https://us.cloud.langfuse.com/project/cmqqnar8v0eboad0cc5f3qinp/traces/11881dc7efe79cb5806bd480e7bd5e91
historical_frequency,Historical frequency,2019-08-01,2019-11-01,0.061619718309859156,0.0,0.0037969896845863917,,,,,,,,[],[],,,
logistic_c_0_001,Logistic (C=0.001),2019-08-01,2019-11-01,0.06051264054082875,0.0,0.003661779665223551,,,,,,,,[],[],,,
xgb_50_depth2_lr0_03_minchild3_l2_5,XGBoost (50 trees),2019-08-01,2019-11-01,0.03667762875556946,0.0,0.0013452484511313756,,,,,,,,[],[],,,
hybrid_anchor,Hybrid anchor (logistic),2019-08-01,2019-11-01,0.06051264054082875,0.0,0.003661779665223551,0.06051264054082875,,,,,,,[],[],,,
analyst_agent,Analyst agent,2019-08-01,2019-11-01,0.12,0.0,0.0144,,,,,,,"IPMAN momentum is negative but shallow, remaining well above the -2% threshold. Macro indicators like low unemployment and stable credit spreads suggest resilience, offsetting the slight contraction in manufacturing activity.",[],[],,,
hybrid_agent_adjusted,Hybrid agent adjusted,2019-08-01,2019-11-01,0.075,0.0,0.005625,0.06051265272350754,0.075,0.014487347276492459,0.014487347276492459,0.075,passed,"IPMAN trends are slightly negative, and the yield curve spread is extremely narrow, signaling potential economic headwinds. While current stress is absent, these factors warrant a modest upward adjustment from the statistical anchor.","[""Yield curve spread at 0.13 indicates potential future economic contraction.""]","[""Low unemployment rate (3.7%) and stable initial jobless claims suggest continued labor market resilience.""]",up,,
adaptive_agent,Adaptive agent,2019-08-01,2019-11-01,0.0605,0.0,0.00366025,0.06051265272350754,0.0605,-1.2652723507540486e-05,-1.2652723507540486e-05,0.0605,passed,"The current 3-month IPMAN contraction of -0.34% remains well above the -2% stress threshold. Macroeconomic indicators, including a positive yield spread and stable credit spreads, suggest no immediate systemic manufacturing stress.","[""3-month trailing IPMAN contraction of -0.34% is significantly above the -2% stress threshold.""]","[""None are material.""]",neutral,15bc0fe22c8d86a66d2d6a561c1c25d0,https://us.cloud.langfuse.com/project/cmqqnar8v0eboad0cc5f3qinp/traces/15bc0fe22c8d86a66d2d6a561c1c25d0
historical_frequency,Historical frequency,2019-09-01,2019-12-01,0.061511423550087874,0.0,0.003783655227158305,,,,,,,,[],[],,,
logistic_c_0_001,Logistic (C=0.001),2019-09-01,2019-12-01,0.05603117750706408,0.0,0.0031394928528281235,,,,,,,,[],[],,,
xgb_50_depth2_lr0_03_minchild3_l2_5,XGBoost (50 trees),2019-09-01,2019-12-01,0.027922233566641808,0.0,0.0007796511273500985,,,,,,,,[],[],,,
hybrid_anchor,Hybrid anchor (logistic),2019-09-01,2019-12-01,0.05603117750706408,0.0,0.0031394928528281235,0.05603117750706408,,,,,,,[],[],,,
analyst_agent,Analyst agent,2019-09-01,2019-12-01,0.08,0.0,0.0064,,,,,,,"IPMAN momentum is positive over 1-3 months, and macro indicators like low unemployment and stable credit spreads suggest resilience. While the 6-month trend is slightly negative, current conditions do not signal imminent manufacturing contraction.",[],[],,,
hybrid_agent_adjusted,Hybrid agent adjusted,2019-09-01,2019-12-01,0.056,0.0,0.0031360000000000003,0.056031188892159384,0.056,-3.118889215938253e-05,-3.118889215938253e-05,0.056,passed,"IPMAN shows positive short-term momentum, and macroeconomic indicators like low unemployment and stable credit spreads suggest no immediate manufacturing stress. The statistical anchor remains low, reflecting current stability.","[""None are material""]","[""Positive 3-month IPMAN growth of 0.32% and low unemployment rate of 3.6%.""]",neutral,,
adaptive_agent,Adaptive agent,2019-09-01,2019-12-01,0.056,0.0,0.0031360000000000003,0.056031188892159384,0.056,-3.118889215938253e-05,-3.118889215938253e-05,0.056,passed,"The 3-month IPMAN change is positive (+0.32%), well above the -2% stress threshold. Macro indicators like low unemployment (3.6%) and stable credit spreads (2.13) suggest a resilient manufacturing environment, keeping stress risk low.","[""Positive 3-month IPMAN growth of 0.32%.""]","[""None are material.""]",neutral,526e5154631bcc44849263accb34dcfd,https://us.cloud.langfuse.com/project/cmqqnar8v0eboad0cc5f3qinp/traces/526e5154631bcc44849263accb34dcfd
historical_frequency,Historical frequency,2019-10-01,2020-01-01,0.06140350877192982,0.0,0.0037703908895044625,,,,,,,,[],[],,,
logistic_c_0_001,Logistic (C=0.001),2019-10-01,2020-01-01,0.06079020629582093,0.0,0.0036954491814884666,,,,,,,,[],[],,,
xgb_50_depth2_lr0_03_minchild3_l2_5,XGBoost (50 trees),2019-10-01,2020-01-01,0.10266361385583878,0.0,0.010539817609940771,,,,,,,,[],[],,,
hybrid_anchor,Hybrid anchor (logistic),2019-10-01,2020-01-01,0.06079020629582093,0.0,0.0036954491814884666,0.06079020629582093,,,,,,,[],[],,,
analyst_agent,Analyst agent,2019-10-01,2020-01-01,0.12,0.0,0.0144,,,,,,,"IPMAN momentum is negative but mild, remaining well above the -2% stress threshold. Macro indicators like low unemployment and stable equity returns suggest resilience, offsetting the slight contraction in manufacturing activity.",[],[],,,
hybrid_agent_adjusted,Hybrid agent adjusted,2019-10-01,2020-01-01,0.085,0.0,0.007225000000000001,0.060790207938376556,0.085,0.02420979206162345,0.02420979206162345,0.085,passed,"IPMAN trends show persistent weakness, with a three-month decline approaching the threshold. While macro indicators like low unemployment and positive equity returns provide some buffer, the downward momentum in manufacturing output increases near-term stress risk.","[""IPMAN 3-month decline of -0.87% indicates weakening momentum.""]","[""Low unemployment rate (3.5%) and positive 3-month SPY returns suggest broader economic resilience.""]",up,,
adaptive_agent,Adaptive agent,2019-10-01,2020-01-01,0.061,0.0,0.003721,0.060790207938376556,0.061,0.00020979206162344277,0.00020979206162344277,0.061,passed,"The 3-month IPMAN contraction of -0.87% remains well above the -2% stress threshold. Macro indicators, including a positive yield spread and low unemployment, suggest continued stability, keeping the probability near the historical base rate.","[""3-month IPMAN contraction of -0.87% is significantly above the -2% stress threshold.""]","[""None are material.""]",neutral,aef2f5c1bd0ad9f1afcf33fa542b7462,https://us.cloud.langfuse.com/project/cmqqnar8v0eboad0cc5f3qinp/traces/aef2f5c1bd0ad9f1afcf33fa542b7462
historical_frequency,Historical frequency,2019-11-01,2020-02-01,0.06129597197898424,0.0,0.003757196180848421,,,,,,,,[],[],,,
logistic_c_0_001,Logistic (C=0.001),2019-11-01,2020-02-01,0.05884762711069493,0.0,0.003463043216559397,,,,,,,,[],[],,,
xgb_50_depth2_lr0_03_minchild3_l2_5,XGBoost (50 trees),2019-11-01,2020-02-01,0.08151677250862122,0.0,0.006644984200222304,,,,,,,,[],[],,,
hybrid_anchor,Hybrid anchor (logistic),2019-11-01,2020-02-01,0.05884762711069493,0.0,0.003463043216559397,0.05884762711069493,,,,,,,[],[],,,
analyst_agent,Analyst agent,2019-11-01,2020-02-01,0.12,0.0,0.0144,,,,,,,"IPMAN momentum is negative but remains well above the -2% stress threshold. Macro indicators like low unemployment and positive equity returns suggest resilience, though the narrowing yield spread warrants caution regarding future manufacturing activity.",[],[],,,
hybrid_agent_adjusted,Hybrid agent adjusted,2019-11-01,2020-02-01,0.075,0.0,0.005625,0.05884760521945527,0.075,0.016152394780544727,0.016152394780544727,0.075,passed,"IPMAN trends are negative but remain above the -2% stress threshold. Macro indicators like low unemployment and positive equity returns suggest resilience, though the narrowing yield spread warrants caution regarding future manufacturing momentum.","[""IPMAN 3-month change is negative at -0.98%.""]","[""Unemployment rate remains low at 3.6% and equity returns are positive.""]",up,,
adaptive_agent,Adaptive agent,2019-11-01,2020-02-01,0.065,0.0,0.0042250000000000005,0.05884760521945527,0.065,0.0061523947805447315,0.0061523947805447315,0.065,passed,"The 3-month IPMAN contraction of -0.98% remains well above the -2% stress threshold. Stable macro indicators, including low unemployment and positive equity returns, suggest limited risk of imminent manufacturing stress.","[""3-month IPMAN contraction of -0.98% is significantly above the -2% stress threshold.""]","[""None are material; macro indicators remain stable.""]",neutral,acfbe88090c89386c78da6ec4996e28b,https://us.cloud.langfuse.com/project/cmqqnar8v0eboad0cc5f3qinp/traces/acfbe88090c89386c78da6ec4996e28b
historical_frequency,Historical frequency,2019-12-01,2020-03-01,0.06118881118881119,1.0,0.8813664482370777,,,,,,,,[],[],,,
logistic_c_0_001,Logistic (C=0.001),2019-12-01,2020-03-01,0.05487326237415406,1.0,0.8932645501752747,,,,,,,,[],[],,,
xgb_50_depth2_lr0_03_minchild3_l2_5,XGBoost (50 trees),2019-12-01,2020-03-01,0.0713452696800232,1.0,0.8623996081456689,,,,,,,,[],[],,,
hybrid_anchor,Hybrid anchor (logistic),2019-12-01,2020-03-01,0.05487326237415406,1.0,0.8932645501752747,0.05487326237415406,,,,,,,[],[],,,
analyst_agent,Analyst agent,2019-12-01,2020-03-01,0.12,1.0,0.7744,,,,,,,"IPMAN momentum is negative but improving, and macro conditions remain stable with low unemployment and positive equity returns. The yield curve is narrow but not inverted, suggesting low immediate risk of manufacturing contraction.",[],[],,,
hybrid_agent_adjusted,Hybrid agent adjusted,2019-12-01,2020-03-01,0.065,1.0,0.8742250000000001,0.054873241784838,0.065,0.010126758215161999,0.010126758215161999,0.065,passed,"IPMAN shows a slight three-month decline, though recent monthly growth is positive. Macro indicators like low unemployment and stable credit spreads suggest limited immediate stress risk, keeping the probability near the historical base rate.","[""IPMAN 3-month percentage change is negative at -0.81 percent.""]","[""Low unemployment rate (3.6%) and positive 1-month IPMAN growth (0.83%).""]",neutral,,
adaptive_agent,Adaptive agent,2019-12-01,2020-03-01,0.052,1.0,0.898704,0.054873241784838,0.052,-0.0028732417848380057,-0.0028732417848380057,0.052,passed,"The 3-month IPMAN contraction of -0.81% remains well above the -2% stress threshold. Recent 1-month growth of 0.83% suggests stabilization, and stable macro indicators like low unemployment and positive equity returns support a low-stress outlook.","[""3-month trailing IPMAN contraction of -0.81% is significantly above the -2% stress threshold.""]","[""None are material; current macro signals and recent IPMAN growth indicate stability.""]",down,20d555bcffbff26b52f68ead9141f2ce,https://us.cloud.langfuse.com/project/cmqqnar8v0eboad0cc5f3qinp/traces/20d555bcffbff26b52f68ead9141f2ce
historical_frequency,Historical frequency,2020-01-01,2020-04-01,0.06108202443280977,1.0,0.8815669648431909,,,,,,,,[],[],,,
logistic_c_0_001,Logistic (C=0.001),2020-01-01,2020-04-01,0.05236029479277658,1.0,0.8980210108852332,,,,,,,,[],[],,,
xgb_50_depth2_lr0_03_minchild3_l2_5,XGBoost (50 trees),2020-01-01,2020-04-01,0.028507640585303307,1.0,0.9437974044011342,,,,,,,,[],[],,,
hybrid_anchor,Hybrid anchor (logistic),2020-01-01,2020-04-01,0.05236029479277658,1.0,0.8980210108852332,0.05236029479277658,,,,,,,[],[],,,
analyst_agent,Analyst agent,2020-01-01,2020-04-01,0.08,1.0,0.8464,,,,,,,"Positive short-term IPMAN momentum and strong equity returns suggest resilience. While the 6-month trend is slightly negative, the 3-month growth is robust, and macro indicators like low unemployment and stable credit spreads mitigate immediate stress risks.",[],[],,,
hybrid_agent_adjusted,Hybrid agent adjusted,2020-01-01,2020-04-01,0.052,1.0,0.898704,0.05236029262447333,0.052,-0.0003602926244733323,-0.0003602926244733323,0.052,passed,"IPMAN shows positive short-term momentum, and macro indicators like low unemployment and strong equity returns suggest a stable environment. No immediate signs of manufacturing stress are present.","[""None are material""]","[""Positive 1-month and 3-month IPMAN growth rates"", ""Low unemployment rate (3.6%) and strong 12-month equity returns""]",neutral,,
adaptive_agent,Adaptive agent,2020-01-01,2020-04-01,0.045,1.0,0.912025,0.05236029262447333,0.045,-0.007360292624473332,-0.007360292624473332,0.045,passed,"The 3-month IPMAN change is positive (+5.43%), far from the -2% stress threshold. Strong equity returns and stable macro indicators suggest low near-term risk of manufacturing contraction.","[""none are material""]","[""3-month IPMAN change is positive at 5.43%, well above the -2% stress threshold.""]",down,bb38882fc9ab76ad84e9648573d86cae,https://us.cloud.langfuse.com/project/cmqqnar8v0eboad0cc5f3qinp/traces/bb38882fc9ab76ad84e9648573d86cae
historical_frequency,Historical frequency,2020-02-01,2020-05-01,0.06097560975609756,1.0,0.8817668054729326,,,,,,,,[],[],,,
logistic_c_0_001,Logistic (C=0.001),2020-02-01,2020-05-01,0.052140077468077306,1.0,0.8984384327422223,,,,,,,,[],[],,,
xgb_50_depth2_lr0_03_minchild3_l2_5,XGBoost (50 trees),2020-02-01,2020-05-01,0.02733415737748146,1.0,0.946078841404574,,,,,,,,[],[],,,
hybrid_anchor,Hybrid anchor (logistic),2020-02-01,2020-05-01,0.052140077468077306,1.0,0.8984384327422223,0.052140077468077306,,,,,,,[],[],,,
analyst_agent,Analyst agent,2020-02-01,2020-05-01,0.08,1.0,0.8464,,,,,,,"IPMAN momentum is positive over three months, and macro indicators like low unemployment and strong equity returns suggest resilience. The base rate is low, and current signals do not indicate imminent manufacturing contraction.",[],[],,,
hybrid_agent_adjusted,Hybrid agent adjusted,2020-02-01,2020-05-01,0.052,1.0,0.898704,0.052140075286724756,0.052,-0.00014007528672475844,-0.00014007528672475844,0.052,passed,"IPMAN shows positive three-month growth, and macro indicators like low unemployment and strong equity returns suggest stability. No immediate evidence of manufacturing stress is present.","[""none are material""]","[""Positive 3-month IPMAN growth of 0.53% and low unemployment rate of 3.6%.""]",neutral,,
adaptive_agent,Adaptive agent,2020-02-01,2020-05-01,0.055,1.0,0.893025,0.052140075286724756,0.055,0.0028599247132752442,0.0028599247132752442,0.055,passed,"The 3-month IPMAN change is positive (+0.53%), indicating no immediate stress. While the 6-month trend is slightly negative, the current macro environment (low unemployment, positive equity returns) supports a low probability of reaching the -2% threshold.","[""IPMAN 3-month change is positive at 0.53%.""]","[""IPMAN 6-month change is negative at -0.46%.""]",neutral,240fb86470cc614652445df011d194ef,https://us.cloud.langfuse.com/project/cmqqnar8v0eboad0cc5f3qinp/traces/240fb86470cc614652445df011d194ef
historical_frequency,Historical frequency,2020-03-01,2020-06-01,0.06086956521739131,1.0,0.8819659735349716,,,,,,,,[],[],,,
logistic_c_0_001,Logistic (C=0.001),2020-03-01,2020-06-01,0.054119858444652474,1.0,0.8946892421887642,,,,,,,,[],[],,,
xgb_50_depth2_lr0_03_minchild3_l2_5,XGBoost (50 trees),2020-03-01,2020-06-01,0.027216356247663498,1.0,0.9463080175520727,,,,,,,,[],[],,,
hybrid_anchor,Hybrid anchor (logistic),2020-03-01,2020-06-01,0.054119858444652474,1.0,0.8946892421887642,0.054119858444652474,,,,,,,[],[],,,
analyst_agent,Analyst agent,2020-03-01,2020-06-01,0.08,1.0,0.8464,,,,,,,"IPMAN momentum is slightly negative but well above the -2% stress threshold. Macro indicators like low unemployment and positive equity returns suggest resilience, offsetting the modest contraction in manufacturing output.",[],[],,,
hybrid_agent_adjusted,Hybrid agent adjusted,2020-03-01,2020-06-01,0.065,1.0,0.8742250000000001,0.05411986251178315,0.065,0.010880137488216854,0.010880137488216854,0.065,passed,"The 3-month IPMAN decline of -0.076% is well above the -2% stress threshold. Low unemployment and positive equity returns suggest resilience, though the narrow yield spread warrants caution regarding future manufacturing momentum.","[""Narrow yield spread (0.18) suggesting potential future economic headwinds.""]","[""Low unemployment rate (3.5%) and positive 3-month SPY/XLI returns indicate ongoing economic stability.""]",neutral,,
adaptive_agent,Adaptive agent,2020-03-01,2020-06-01,0.052,1.0,0.898704,0.05411986251178315,0.052,-0.0021198625117831507,-0.0021198625117831507,0.052,passed,"The 3-month IPMAN contraction of -0.076% is well above the -2% stress threshold. Recent 1-month growth is positive, and stable macro indicators like low unemployment and positive equity returns suggest minimal near-term stress risk.","[""3-month IPMAN contraction of -0.076% is significantly above the -2% stress threshold.""]","[""None are material; macro indicators remain supportive.""]",down,8f7f43fb52511a9bc2548c3ec7f049c1,https://us.cloud.langfuse.com/project/cmqqnar8v0eboad0cc5f3qinp/traces/8f7f43fb52511a9bc2548c3ec7f049c1
historical_frequency,Historical frequency,2020-04-01,2020-07-01,0.0625,0.0,0.00390625,,,,,,,,[],[],,,
logistic_c_0_001,Logistic (C=0.001),2020-04-01,2020-07-01,0.21346534350303703,0.0,0.04556745287686959,,,,,,,,[],[],,,
xgb_50_depth2_lr0_03_minchild3_l2_5,XGBoost (50 trees),2020-04-01,2020-07-01,0.19660905003547668,0.0,0.038655118555852575,,,,,,,,[],[],,,
hybrid_anchor,Hybrid anchor (logistic),2020-04-01,2020-07-01,0.21346534350303703,0.0,0.04556745287686959,0.21346534350303703,,,,,,,[],[],,,
analyst_agent,Analyst agent,2020-04-01,2020-07-01,0.85,0.0,0.7224999999999999,,,,,,,"IPMAN momentum is deeply negative (-4.64%), signaling active contraction. High credit spreads, elevated VIX, and poor equity performance (XLI -27%) confirm severe manufacturing sector stress, outweighing the low fed funds rate.",[],[],,,
hybrid_agent_adjusted,Hybrid agent adjusted,2020-04-01,2020-07-01,0.24346532434574816,0.0,0.059275364158780354,0.21346532434574816,0.65,0.43653467565425186,0.03,0.24346532434574816,clamped,"IPMAN has already declined 4.6% over three months, exceeding the stress threshold. High credit spreads, elevated VIX, and sharp declines in XLI and SPY indicate severe manufacturing and broader economic distress.","[""IPMAN 3-month decline of 4.64% exceeds the -2% stress threshold"", ""Credit spread of 3.93 and VIX of 53.54 indicate significant financial market stress""]","[""None are material""]",up,,
adaptive_agent,Adaptive agent,2020-04-01,2020-07-01,0.24346532434574816,0.0,0.059275364158780354,0.21346532434574816,0.65,0.43653467565425186,0.03,0.24346532434574816,clamped,"The 3-month IPMAN contraction of -4.64% significantly exceeds the -2% stress threshold. High credit spreads (3.93), elevated VIX (53.54), and sharp declines in SPY and XLI returns indicate severe systemic manufacturing and market stress.","[""3-month IPMAN contraction of -4.64% exceeds the -2% stress threshold.""]","[""None are material.""]",up,03f17168789b79285a68adfb004c45bc,https://us.cloud.langfuse.com/project/cmqqnar8v0eboad0cc5f3qinp/traces/03f17168789b79285a68adfb004c45bc
historical_frequency,Historical frequency,2020-05-01,2020-08-01,0.06412478336221837,0.0,0.004111987841251438,,,,,,,,[],[],,,
logistic_c_0_001,Logistic (C=0.001),2020-05-01,2020-08-01,0.2752426138863407,0.0,0.07575849649898522,,,,,,,,[],[],,,
xgb_50_depth2_lr0_03_minchild3_l2_5,XGBoost (50 trees),2020-05-01,2020-08-01,0.1895454376935959,0.0,0.03592747295045684,,,,,,,,[],[],,,
hybrid_anchor,Hybrid anchor (logistic),2020-05-01,2020-08-01,0.2752426138863407,0.0,0.07575849649898522,0.2752426138863407,,,,,,,[],[],,,
analyst_agent,Analyst agent,2020-05-01,2020-08-01,0.85,0.0,0.7224999999999999,,,,,,,"Severe IPMAN contraction (-19% 3m) and poor XLI performance signal deep manufacturing stress. While the yield curve is not inverted, high unemployment and elevated credit spreads confirm a deteriorating environment, making stress highly probable.",[],[],,,
hybrid_agent_adjusted,Hybrid agent adjusted,2020-05-01,2020-08-01,0.30524259465373194,0.0,0.0931730415909425,0.27524259465373196,0.85,0.5747574053462681,0.03,0.30524259465373194,clamped,"IPMAN has plummeted 19% over three months, far exceeding the 2% stress threshold. High unemployment (14.8%) and negative industrial sector returns (XLI -20.2%) confirm severe manufacturing contraction, necessitating a significant upward adjustment from the anchor.","[""IPMAN 3-month decline of 19.01% significantly exceeds the 2% stress threshold.""]","[""None are material.""]",up,,
adaptive_agent,Adaptive agent,2020-05-01,2020-08-01,0.30524259465373194,0.0,0.0931730415909425,0.27524259465373196,0.85,0.5747574053462681,0.03,0.30524259465373194,clamped,"The IPMAN has contracted by 19% over three months, far exceeding the 2% stress threshold. Extremely high unemployment, elevated credit spreads, and poor industrial equity performance signal severe, ongoing manufacturing stress.","[""3-month IPMAN contraction of 19.01% is significantly below the -2% stress threshold.""]","[""None are material.""]",up,6a169cc527a39a0e6aa25c83623e1e6b,https://us.cloud.langfuse.com/project/cmqqnar8v0eboad0cc5f3qinp/traces/6a169cc527a39a0e6aa25c83623e1e6b
historical_frequency,Historical frequency,2020-06-01,2020-09-01,0.0657439446366782,0.0,0.0043222662563906075,,,,,,,,[],[],,,
logistic_c_0_001,Logistic (C=0.001),2020-06-01,2020-09-01,0.11178368837129353,0.0,0.012495592985890465,,,,,,,,[],[],,,
xgb_50_depth2_lr0_03_minchild3_l2_5,XGBoost (50 trees),2020-06-01,2020-09-01,0.18593783676624298,0.0,0.03457287914131002,,,,,,,,[],[],,,
hybrid_anchor,Hybrid anchor (logistic),2020-06-01,2020-09-01,0.11178368837129353,0.0,0.012495592985890465,0.11178368837129353,,,,,,,[],[],,,
analyst_agent,Analyst agent,2020-06-01,2020-09-01,0.65,0.0,0.42250000000000004,,,,,,,"The 3-month IPMAN decline is severe (-15.6%), indicating deep structural stress. While recent 1-month momentum is positive, the macro environment (high unemployment, elevated credit spreads) suggests the manufacturing sector remains vulnerable to further contraction.",[],[],,,
hybrid_agent_adjusted,Hybrid agent adjusted,2020-06-01,2020-09-01,0.14178370938216922,0.0,0.02010262024616742,0.11178370938216921,0.35,0.23821629061783078,0.03,0.14178370938216922,clamped,"The 3-month IPMAN decline of -15.6% indicates severe recent contraction. While the most recent month shows a rebound, the deep structural decline and negative XLI returns suggest continued manufacturing stress risk over the next quarter.","[""IPMAN 3-month change of -15.59% significantly exceeds the stress threshold.""]","[""IPMAN 1-month change shows a positive rebound of 4.46%.""]",up,,
adaptive_agent,Adaptive agent,2020-06-01,2020-09-01,0.14178370938216922,0.0,0.02010262024616742,0.11178370938216921,0.85,0.7382162906178308,0.03,0.14178370938216922,clamped,"The 3-month IPMAN change is -15.59%, far exceeding the -2% stress threshold. Despite a recent 1-month rebound, the severe 3-month contraction indicates high manufacturing stress risk.","[""IPMAN 3-month change is -15.59%, significantly below the -2% stress threshold.""]","[""Recent 1-month IPMAN growth of 4.46%.""]",up,b42f67749decb193ac721c67d1782916,https://us.cloud.langfuse.com/project/cmqqnar8v0eboad0cc5f3qinp/traces/b42f67749decb193ac721c67d1782916
historical_frequency,Historical frequency,2020-07-01,2020-10-01,0.06735751295336788,0.0,0.004537034551263122,,,,,,,,[],[],,,
logistic_c_0_001,Logistic (C=0.001),2020-07-01,2020-10-01,0.07286580139005637,0.0,0.005309425012215141,,,,,,,,[],[],,,
xgb_50_depth2_lr0_03_minchild3_l2_5,XGBoost (50 trees),2020-07-01,2020-10-01,0.15703493356704712,0.0,0.024659970360406902,,,,,,,,[],[],,,
hybrid_anchor,Hybrid anchor (logistic),2020-07-01,2020-10-01,0.07286580139005637,0.0,0.005309425012215141,0.07286580139005637,,,,,,,[],[],,,
analyst_agent,Analyst agent,2020-07-01,2020-10-01,0.35,0.0,0.12249999999999998,,,,,,,"The 3-month IPMAN decline remains significant at -4.65%, signaling ongoing stress. However, the recent 1-month rebound and strong equity performance suggest potential stabilization, tempering the likelihood of continued contraction over the next three months.",[],[],,,
hybrid_agent_adjusted,Hybrid agent adjusted,2020-07-01,2020-10-01,0.10286581222778497,0.0,0.010581375325281916,0.07286581222778497,0.35,0.277134187772215,0.03,0.10286581222778497,clamped,"The 3-month IPMAN decline of -4.65% confirms current stress. While recent monthly growth is positive, the deep 6-month contraction and elevated credit spreads suggest persistent manufacturing headwinds, justifying a significant upward adjustment from the base rate.","[""IPMAN 3-month change of -4.65% exceeds the -2% stress threshold.""]","[""Recent 1-month IPMAN growth of 7.86% indicates a potential short-term recovery.""]",up,,
adaptive_agent,Adaptive agent,2020-07-01,2020-10-01,0.10286581222778497,0.0,0.010581375325281916,0.07286581222778497,0.15,0.07713418777221502,0.03,0.10286581222778497,clamped,"The 3-month IPMAN change is -4.65%, exceeding the -2% stress threshold. Despite recent 1-month growth, the deep 3-month contraction and high unemployment (11%) signal significant manufacturing stress risk.","[""3-month IPMAN change of -4.65% is below the -2% stress threshold.""]","[""Recent 1-month IPMAN growth of 7.86% suggests short-term stabilization.""]",up,69802cbd595ed7cdb77a52e9a2356166,https://us.cloud.langfuse.com/project/cmqqnar8v0eboad0cc5f3qinp/traces/69802cbd595ed7cdb77a52e9a2356166
historical_frequency,Historical frequency,2020-08-01,2020-11-01,0.06724137931034482,0.0,0.004521403091557669,,,,,,,,[],[],,,
logistic_c_0_001,Logistic (C=0.001),2020-08-01,2020-11-01,0.04924637263505067,0.0,0.0024252052177102675,,,,,,,,[],[],,,
xgb_50_depth2_lr0_03_minchild3_l2_5,XGBoost (50 trees),2020-08-01,2020-11-01,0.08705852180719376,0.0,0.007579186219253631,,,,,,,,[],[],,,
hybrid_anchor,Hybrid anchor (logistic),2020-08-01,2020-11-01,0.04924637263505067,0.0,0.0024252052177102675,0.04924637263505067,,,,,,,[],[],,,
analyst_agent,Analyst agent,2020-08-01,2020-11-01,0.12,0.0,0.0144,,,,,,,"Strong recent IPMAN momentum (3-month growth of 16.8%) and positive equity returns outweigh the high unemployment rate and elevated credit spreads. The manufacturing sector is currently recovering from a sharp contraction, reducing near-term stress risk.",[],[],,,
hybrid_agent_adjusted,Hybrid agent adjusted,2020-08-01,2020-11-01,0.065,0.0,0.0042250000000000005,0.04924637999651748,0.065,0.015753620003482523,0.015753620003482523,0.065,passed,"Recent IPMAN growth is strong, but high unemployment and elevated credit spreads suggest underlying fragility. The probability is adjusted slightly upward from the anchor to reflect these macroeconomic headwinds.","[""High unemployment rate (10.2%) and elevated credit spreads (2.93%) indicate significant macroeconomic stress.""]","[""Strong short-term IPMAN growth (16.8% over three months) and positive equity market returns (SPY/XLI) suggest current manufacturing momentum.""]",up,,
adaptive_agent,Adaptive agent,2020-08-01,2020-11-01,0.045,0.0,0.002025,0.04924637999651748,0.045,-0.004246379996517481,-0.004246379996517481,0.045,passed,"The 3-month IPMAN change is strongly positive (+16.8%), far from the -2% stress threshold. Recent momentum is robust, and despite elevated unemployment, the manufacturing sector shows significant recovery, justifying a downward adjustment from the anchor.","[""IPMAN 3-month change is +16.81%, well above the -2% stress threshold.""]","[""High unemployment rate (10.2%) and elevated VIX (30.43) suggest broader economic fragility.""]",down,56d03cdb21c304d4c25ecc633eed8b24,https://us.cloud.langfuse.com/project/cmqqnar8v0eboad0cc5f3qinp/traces/56d03cdb21c304d4c25ecc633eed8b24
historical_frequency,Historical frequency,2020-09-01,2020-12-01,0.06712564543889846,0.0,0.004505852275588709,,,,,,,,[],[],,,
logistic_c_0_001,Logistic (C=0.001),2020-09-01,2020-12-01,0.060800599756671424,0.0,0.0036967129307709534,,,,,,,,[],[],,,
xgb_50_depth2_lr0_03_minchild3_l2_5,XGBoost (50 trees),2020-09-01,2020-12-01,0.08454321324825287,0.0,0.007147554906339559,,,,,,,,[],[],,,
hybrid_anchor,Hybrid anchor (logistic),2020-09-01,2020-12-01,0.060800599756671424,0.0,0.0036967129307709534,0.060800599756671424,,,,,,,[],[],,,
analyst_agent,Analyst agent,2020-09-01,2020-12-01,0.08,0.0,0.0064,,,,,,,"Strong recent IPMAN momentum (13.4% 3-month growth) significantly outweighs the 6-month decline. Low Fed funds rate and positive yield spread support expansion, keeping the probability of stress near the historical base rate.",[],[],,,
hybrid_agent_adjusted,Hybrid agent adjusted,2020-09-01,2020-12-01,0.055,0.0,0.003025,0.060800588675724146,0.055,-0.005800588675724146,-0.005800588675724146,0.055,passed,"IPMAN shows strong recent momentum with a 13.4% three-month growth rate. Despite elevated unemployment and credit spreads, the manufacturing sector's short-term recovery trajectory significantly reduces the immediate probability of meeting the stress threshold.","[""High initial jobless claims and elevated credit spreads suggest underlying economic fragility.""]","[""Strong 13.4% three-month IPMAN growth and positive 3-month equity returns for XLI indicate robust short-term manufacturing momentum.""]",down,,
adaptive_agent,Adaptive agent,2020-09-01,2020-12-01,0.055,0.0,0.003025,0.060800588675724146,0.055,-0.005800588675724146,-0.005800588675724146,0.055,passed,"The 3-month IPMAN change is strongly positive (+13.43%), providing a significant buffer against the -2% stress threshold. Recent momentum is positive, and macro indicators do not signal imminent manufacturing contraction.","[""3-month IPMAN change of +13.43% is well above the -2% stress threshold.""]","[""None are material.""]",down,78e74d67f4a0e5f634335779aaa90169,https://us.cloud.langfuse.com/project/cmqqnar8v0eboad0cc5f3qinp/traces/78e74d67f4a0e5f634335779aaa90169
historical_frequency,Historical frequency,2020-10-01,2021-01-01,0.06701030927835051,0.0,0.0044903815495801885,,,,,,,,[],[],,,
logistic_c_0_001,Logistic (C=0.001),2020-10-01,2021-01-01,0.06807086692442453,0.0,0.004633642923842714,,,,,,,,[],[],,,
xgb_50_depth2_lr0_03_minchild3_l2_5,XGBoost (50 trees),2020-10-01,2021-01-01,0.036405500024557114,0.0,0.001325360432038028,,,,,,,,[],[],,,
hybrid_anchor,Hybrid anchor (logistic),2020-10-01,2021-01-01,0.06807086692442453,0.0,0.004633642923842714,0.06807086692442453,,,,,,,[],[],,,
analyst_agent,Analyst agent,2020-10-01,2021-01-01,0.12,0.0,0.0144,,,,,,,"While the 1-month IPMAN decline is notable, the 3-month momentum remains strongly positive. Macro signals like the positive yield curve and recovering equity markets suggest resilience, offsetting the elevated unemployment and credit spread risks.",[],[],,,
hybrid_agent_adjusted,Hybrid agent adjusted,2020-10-01,2021-01-01,0.085,0.0,0.007225000000000001,0.06807085202777803,0.085,0.016929147972221975,0.016929147972221975,0.085,passed,"The 1-month IPMAN decline of 2.6% signals short-term volatility. However, the 3-month trend remains positive at 5.1%, and strong equity returns (SPY/XLI) suggest resilience, keeping the probability of stress relatively low.","[""1-month IPMAN decline of 2.62% exceeds the stress threshold.""]","[""3-month IPMAN growth remains robust at 5.14%.""]",up,,
adaptive_agent,Adaptive agent,2020-10-01,2021-01-01,0.065,0.0,0.0042250000000000005,0.06807085202777803,0.065,-0.003070852027778029,-0.003070852027778029,0.065,passed,"The 3-month IPMAN growth remains strong at 5.14%, providing a significant buffer against the -2% stress threshold. Despite a recent 1-month decline, the overall trend and stable macro indicators suggest low near-term stress risk.","[""3-month IPMAN growth of 5.14% provides a substantial buffer against the stress threshold.""]","[""1-month IPMAN decline of 2.62% indicates short-term volatility.""]",neutral,a7bf5eebeb6d268146ed354e6c41570f,https://us.cloud.langfuse.com/project/cmqqnar8v0eboad0cc5f3qinp/traces/a7bf5eebeb6d268146ed354e6c41570f
historical_frequency,Historical frequency,2020-11-01,2021-02-01,0.06689536878216124,1.0,0.870684252800179,,,,,,,,[],[],,,
logistic_c_0_001,Logistic (C=0.001),2020-11-01,2021-02-01,0.06009904944188579,1.0,0.8834137968600466,,,,,,,,[],[],,,
xgb_50_depth2_lr0_03_minchild3_l2_5,XGBoost (50 trees),2020-11-01,2021-02-01,0.03619914874434471,1.0,0.9289120808811258,,,,,,,,[],[],,,
hybrid_anchor,Hybrid anchor (logistic),2020-11-01,2021-02-01,0.06009904944188579,1.0,0.8834137968600466,0.06009904944188579,,,,,,,[],[],,,
analyst_agent,Analyst agent,2020-11-01,2021-02-01,0.08,1.0,0.8464,,,,,,,"IPMAN momentum is positive (+2.45%) and well above the stress threshold. While macro indicators like high unemployment and elevated credit spreads suggest caution, the manufacturing sector currently shows resilience, keeping the probability near the historical base rate.",[],[],,,
hybrid_agent_adjusted,Hybrid agent adjusted,2020-11-01,2021-02-01,0.05,1.0,0.9025,0.06009903612855533,0.05,-0.010099036128555325,-0.010099036128555325,0.05,passed,"IPMAN shows positive momentum with a 2.45% three-month growth rate. Macro indicators, including positive equity returns and stable credit spreads, suggest a low probability of manufacturing stress in the near term.","[""None are material""]","[""IPMAN 3-month growth of 2.45% exceeds the stress threshold of -2.0%.""]",down,,
adaptive_agent,Adaptive agent,2020-11-01,2021-02-01,0.055,1.0,0.893025,0.06009903612855533,0.055,-0.005099036128555327,-0.005099036128555327,0.055,passed,"IPMAN shows positive 3-month growth (+2.45%), well above the -2% stress threshold. Macro indicators, including positive equity returns and stable credit spreads, suggest a low risk of manufacturing stress in the near term.","[""3-month IPMAN change is positive at +2.45%""]","[""None are material""]",down,2627cea10216f81891dabb03902fe1a2,https://us.cloud.langfuse.com/project/cmqqnar8v0eboad0cc5f3qinp/traces/2627cea10216f81891dabb03902fe1a2
historical_frequency,Historical frequency,2020-12-01,2021-03-01,0.06678082191780822,0.0,0.004459678176018015,,,,,,,,[],[],,,
logistic_c_0_001,Logistic (C=0.001),2020-12-01,2021-03-01,0.061388910139378555,0.0,0.0037685982881006954,,,,,,,,[],[],,,
xgb_50_depth2_lr0_03_minchild3_l2_5,XGBoost (50 trees),2020-12-01,2021-03-01,0.03597535938024521,0.0,0.001294226482537797,,,,,,,,[],[],,,
hybrid_anchor,Hybrid anchor (logistic),2020-12-01,2021-03-01,0.061388910139378555,0.0,0.0037685982881006954,0.061388910139378555,,,,,,,[],[],,,
analyst_agent,Analyst agent,2020-12-01,2021-03-01,0.05,0.0,0.0025000000000000005,,,,,,,"IPMAN momentum is positive and accelerating. Macro indicators, including a positive yield curve and strong industrial sector returns, suggest a low probability of entering a contractionary stress phase within the three-month horizon.",[],[],,,
hybrid_agent_adjusted,Hybrid agent adjusted,2020-12-01,2021-03-01,0.055,0.0,0.003025,0.06138891199334536,0.055,-0.006388911993345361,-0.006388911993345361,0.055,passed,"IPMAN shows positive momentum over three months, and strong XLI returns suggest industrial optimism. Macro indicators like credit spreads and equity performance remain supportive, reducing the likelihood of a manufacturing contraction.","[""None are material""]","[""Positive 3-month IPMAN growth of 1.55% and strong 3-month XLI returns of 13.57%.""]",down,,
adaptive_agent,Adaptive agent,2020-12-01,2021-03-01,0.055,0.0,0.003025,0.06138891199334536,0.055,-0.006388911993345361,-0.006388911993345361,0.055,passed,"IPMAN shows positive 3-month growth (+1.55%), remaining well above the -2% stress threshold. Macro indicators, including stable credit spreads and positive equity returns, suggest a low risk of manufacturing contraction in the near term.","[""Positive 3-month IPMAN growth of 1.55%""]","[""None are material""]",down,5036ef21db43c9230538e6f9227a5f90,https://us.cloud.langfuse.com/project/cmqqnar8v0eboad0cc5f3qinp/traces/5036ef21db43c9230538e6f9227a5f90
historical_frequency,Historical frequency,2021-01-01,2021-04-01,0.06666666666666667,0.0,0.0044444444444444444,,,,,,,,[],[],,,
logistic_c_0_001,Logistic (C=0.001),2021-01-01,2021-04-01,0.06272214039432558,0.0,0.003934066895645489,,,,,,,,[],[],,,
xgb_50_depth2_lr0_03_minchild3_l2_5,XGBoost (50 trees),2021-01-01,2021-04-01,0.034609921276569366,0.0,0.001197846650770329,,,,,,,,[],[],,,
hybrid_anchor,Hybrid anchor (logistic),2021-01-01,2021-04-01,0.06272214039432558,0.0,0.003934066895645489,0.06272214039432558,,,,,,,[],[],,,
analyst_agent,Analyst agent,2021-01-01,2021-04-01,0.05,0.0,0.0025000000000000005,,,,,,,"IPMAN momentum is strongly positive over 3 months. Macro indicators, including a positive yield curve and strong equity returns, suggest a low probability of manufacturing stress despite elevated unemployment and credit spreads.",[],[],,,
hybrid_agent_adjusted,Hybrid agent adjusted,2021-01-01,2021-04-01,0.05,0.0,0.0025000000000000005,0.06272215280149315,0.05,-0.01272215280149315,-0.01272215280149315,0.05,passed,"IPMAN shows strong positive momentum over three and six months. Macro indicators, including positive equity returns and stable credit spreads, suggest a low probability of manufacturing stress in the near term.","[""None are material""]","[""IPMAN 3-month change is positive at 2.38%, well above the stress threshold.""]",down,,
adaptive_agent,Adaptive agent,2021-01-01,2021-04-01,0.06,0.0,0.0036,0.06272215280149315,0.06,-0.002722152801493155,-0.002722152801493155,0.06,passed,"The 3-month IPMAN change is positive (+2.38%), far from the -2% stress threshold. Strong recent XLI and SPY returns, combined with stable macro indicators, support a low probability of manufacturing stress.","[""3-month IPMAN change is positive at 2.38%""]","[""None are material""]",down,7082712657ba069a5e1b979093c2fcd3,https://us.cloud.langfuse.com/project/cmqqnar8v0eboad0cc5f3qinp/traces/7082712657ba069a5e1b979093c2fcd3
historical_frequency,Historical frequency,2021-02-01,2021-05-01,0.06655290102389079,0.0,0.004429288634695804,,,,,,,,[],[],,,
logistic_c_0_001,Logistic (C=0.001),2021-02-01,2021-05-01,0.06540022505278902,0.0,0.004277189436955452,,,,,,,,[],[],,,
xgb_50_depth2_lr0_03_minchild3_l2_5,XGBoost (50 trees),2021-02-01,2021-05-01,0.034441106021404266,0.0,0.0011861897839776092,,,,,,,,[],[],,,
hybrid_anchor,Hybrid anchor (logistic),2021-02-01,2021-05-01,0.06540022505278902,0.0,0.004277189436955452,0.06540022505278902,,,,,,,[],[],,,
analyst_agent,Analyst agent,2021-02-01,2021-05-01,0.08,0.0,0.0064,,,,,,,"IPMAN shows strong positive momentum over 3 and 6 months. While VIX and credit spreads suggest elevated financial market volatility, the manufacturing sector is currently expanding, keeping the probability of a 2% decline low.",[],[],,,
hybrid_agent_adjusted,Hybrid agent adjusted,2021-02-01,2021-05-01,0.0654,0.0,0.00427716,0.06540022574959833,0.0654,-2.2574959833432384e-07,-2.2574959833432384e-07,0.0654,passed,"IPMAN shows positive momentum with a 2.33% three-month growth rate, well above the stress threshold. Macro indicators like positive equity returns and a stable yield spread suggest low near-term manufacturing stress risk.","[""None are material""]","[""IPMAN 3-month growth of 2.33% remains well above the -2% stress threshold.""]",down,,
adaptive_agent,Adaptive agent,2021-02-01,2021-05-01,0.06,0.0,0.0036,0.06540022574959833,0.06,-0.005400225749598336,-0.005400225749598336,0.06,passed,"The 3-month IPMAN change is positive (+2.33%), well above the -2% stress threshold. Recent monthly growth remains steady, and macroeconomic indicators do not signal imminent manufacturing contraction.","[""None are material""]","[""3-month IPMAN change of +2.33% is significantly above the -2% stress threshold.""]",down,8170860e1e137832204916d72a12135a,https://us.cloud.langfuse.com/project/cmqqnar8v0eboad0cc5f3qinp/traces/8170860e1e137832204916d72a12135a
historical_frequency,Historical frequency,2021-03-01,2021-06-01,0.06814310051107325,0.0,0.004643482147262232,,,,,,,,[],[],,,
logistic_c_0_001,Logistic (C=0.001),2021-03-01,2021-06-01,0.07739873784055178,0.0,0.005990564619310462,,,,,,,,[],[],,,
xgb_50_depth2_lr0_03_minchild3_l2_5,XGBoost (50 trees),2021-03-01,2021-06-01,0.16644157469272614,0.0,0.027702797786194333,,,,,,,,[],[],,,
hybrid_anchor,Hybrid anchor (logistic),2021-03-01,2021-06-01,0.07739873784055178,0.0,0.005990564619310462,0.07739873784055178,,,,,,,[],[],,,
analyst_agent,Analyst agent,2021-03-01,2021-06-01,0.28,0.0,0.07840000000000001,,,,,,,"IPMAN momentum is currently negative (-2.45%), meeting the stress threshold. However, positive equity returns and a steep yield curve suggest broader economic resilience, likely limiting the duration of this manufacturing contraction.",[],[],,,
hybrid_agent_adjusted,Hybrid agent adjusted,2021-03-01,2021-06-01,0.1073987324941089,0.0,0.011534487741341163,0.0773987324941089,0.25,0.1726012675058911,0.03,0.1073987324941089,clamped,"The IPMAN 3-month decline of 2.45% exceeds the stress threshold. While macro indicators like equity returns are positive, the recent sharp 1-month contraction in IPMAN signals significant near-term manufacturing weakness.","[""IPMAN 3-month percentage change is -2.45%, exceeding the -2.0% stress threshold.""]","[""Positive 3-month and 12-month SPY and XLI returns suggest broader market resilience.""]",up,,
adaptive_agent,Adaptive agent,2021-03-01,2021-06-01,0.1073987324941089,0.0,0.011534487741341163,0.0773987324941089,0.15,0.07260126750589109,0.03,0.1073987324941089,clamped,"The 3-month IPMAN change is -2.45%, breaching the -2% stress threshold. Despite stable macro indicators, the immediate momentum is negative, necessitating an upward adjustment from the statistical anchor to reflect heightened near-term risk.","[""3-month trailing IPMAN change of -2.45% is below the -2% stress threshold.""]","[""Stable macroeconomic indicators, including a positive yield spread (1.30) and moderate credit spreads (2.12).""]",up,7bf79057404022f66dc53d82e3e13564,https://us.cloud.langfuse.com/project/cmqqnar8v0eboad0cc5f3qinp/traces/7bf79057404022f66dc53d82e3e13564
historical_frequency,Historical frequency,2021-04-01,2021-07-01,0.06802721088435375,0.0,0.004627701420704337,,,,,,,,[],[],,,
logistic_c_0_001,Logistic (C=0.001),2021-04-01,2021-07-01,0.06536474927442257,0.0,0.004272550447708126,,,,,,,,[],[],,,
xgb_50_depth2_lr0_03_minchild3_l2_5,XGBoost (50 trees),2021-04-01,2021-07-01,0.051577161997556686,0.0,0.0026602036397222056,,,,,,,,[],[],,,
hybrid_anchor,Hybrid anchor (logistic),2021-04-01,2021-07-01,0.06536474927442257,0.0,0.004272550447708126,0.06536474927442257,,,,,,,[],[],,,
analyst_agent,Analyst agent,2021-04-01,2021-07-01,0.12,0.0,0.0144,,,,,,,"IPMAN momentum is slightly negative but improving. Macro indicators like the positive yield curve and strong equity returns suggest resilience, offsetting the risk of a sharp manufacturing contraction in the near term.",[],[],,,
hybrid_agent_adjusted,Hybrid agent adjusted,2021-04-01,2021-07-01,0.075,0.0,0.005625,0.06536475695863732,0.075,0.009635243041362679,0.009635243041362679,0.075,passed,"The 3-month IPMAN change is slightly negative, suggesting mild underlying weakness. However, strong recent 1-month growth and robust equity returns (SPY/XLI) indicate resilience, keeping the probability of stress low but slightly elevated above the statistical anchor.","[""3-month IPMAN change is negative at -0.18%""]","[""Strong 1-month IPMAN growth of 3.13% and positive 3-month XLI returns""]",up,,
adaptive_agent,Adaptive agent,2021-04-01,2021-07-01,0.062,0.0,0.0038439999999999998,0.06536475695863732,0.062,-0.003364756958637319,-0.003364756958637319,0.062,passed,"The 3-month IPMAN change is -0.18%, well above the -2% stress threshold. Recent 1-month growth of 3.13% indicates strong momentum, reducing near-term stress risk despite historical base rates.","[""3-month IPMAN change of -0.18% is significantly above the -2% stress threshold.""]","[""None are material.""]",down,e3978ad8b61afbf3434505e63f6db5d9,https://us.cloud.langfuse.com/project/cmqqnar8v0eboad0cc5f3qinp/traces/e3978ad8b61afbf3434505e63f6db5d9
historical_frequency,Historical frequency,2021-05-01,2021-08-01,0.06791171477079797,0.0,0.004612001003110219,,,,,,,,[],[],,,
logistic_c_0_001,Logistic (C=0.001),2021-05-01,2021-08-01,0.06816208949445193,0.0,0.004646070444249675,,,,,,,,[],[],,,
xgb_50_depth2_lr0_03_minchild3_l2_5,XGBoost (50 trees),2021-05-01,2021-08-01,0.07757506519556046,0.0,0.006017890740095455,,,,,,,,[],[],,,
hybrid_anchor,Hybrid anchor (logistic),2021-05-01,2021-08-01,0.06816208949445193,0.0,0.004646070444249675,0.06816208949445193,,,,,,,[],[],,,
analyst_agent,Analyst agent,2021-05-01,2021-08-01,0.12,0.0,0.0144,,,,,,,"IPMAN momentum is negative but improving. Macro indicators like strong XLI returns and a positive yield spread suggest resilience, offsetting the moderate contraction signal. The probability remains slightly above the base rate due to recent volatility.",[],[],,,
hybrid_agent_adjusted,Hybrid agent adjusted,2021-05-01,2021-08-01,0.085,0.0,0.007225000000000001,0.06816209742820226,0.085,0.01683790257179775,0.01683790257179775,0.085,passed,"The 3-month IPMAN decline of -0.93% is approaching the -2% stress threshold. While macro indicators like XLI returns are strong, the narrowing momentum suggests a slight increase in stress risk from the statistical anchor.","[""IPMAN 3-month percentage change is negative at -0.93%.""]","[""Strong 3-month and 12-month XLI returns indicate robust industrial sector performance.""]",up,,
adaptive_agent,Adaptive agent,2021-05-01,2021-08-01,0.065,0.0,0.0042250000000000005,0.06816209742820226,0.065,-0.003162097428202254,-0.003162097428202254,0.065,passed,"The 3-month IPMAN contraction of -0.93% remains well above the -2% stress threshold. Recent 1-month growth is positive, and favorable macro indicators like the yield spread and strong equity returns suggest limited near-term stress risk.","[""3-month IPMAN contraction of -0.93% is significantly above the -2% stress threshold.""]","[""Positive 1-month IPMAN growth and strong XLI/SPY returns indicate sector resilience.""]",neutral,e0f9ba80cee0eef43b16f558cdf34d47,https://us.cloud.langfuse.com/project/cmqqnar8v0eboad0cc5f3qinp/traces/e0f9ba80cee0eef43b16f558cdf34d47
historical_frequency,Historical frequency,2021-06-01,2021-09-01,0.06779661016949153,0.0,0.004596380350474002,,,,,,,,[],[],,,
logistic_c_0_001,Logistic (C=0.001),2021-06-01,2021-09-01,0.06527781494113784,0.0,0.004261193123489438,,,,,,,,[],[],,,
xgb_50_depth2_lr0_03_minchild3_l2_5,XGBoost (50 trees),2021-06-01,2021-09-01,0.05027211084961891,0.0,0.0025272851292763715,,,,,,,,[],[],,,
hybrid_anchor,Hybrid anchor (logistic),2021-06-01,2021-09-01,0.06527781494113784,0.0,0.004261193123489438,0.06527781494113784,,,,,,,[],[],,,
analyst_agent,Analyst agent,2021-06-01,2021-09-01,0.05,0.0,0.0025000000000000005,,,,,,,"IPMAN momentum is strongly positive (4.5% 3m change). Macro indicators like the positive yield curve and strong equity returns suggest a robust environment, significantly reducing the likelihood of a 2% decline in the next three months.",[],[],,,
hybrid_agent_adjusted,Hybrid agent adjusted,2021-06-01,2021-09-01,0.055,0.0,0.003025,0.06527781572585613,0.055,-0.010277815725856128,-0.010277815725856128,0.055,passed,"IPMAN shows strong positive momentum over three months, and equity returns (SPY, XLI) are robust. Macro indicators suggest a healthy expansionary environment, reducing the likelihood of a manufacturing contraction in the near term.","[""None are material""]","[""IPMAN 3-month change is strongly positive at 4.5%"", ""Strong 3-month and 12-month returns for XLI and SPY""]",down,,
adaptive_agent,Adaptive agent,2021-06-01,2021-09-01,0.06,0.0,0.0036,0.06527781572585613,0.06,-0.00527781572585613,-0.00527781572585613,0.06,passed,"The 3-month IPMAN change is strongly positive at 4.5%, far from the -2% stress threshold. Macro indicators, including a healthy yield spread and strong equity returns, support a low probability of near-term manufacturing stress.","[""3-month IPMAN change of 4.5% is well above the -2% stress threshold.""]","[""None are material.""]",down,c7285430dd28b8f1705cea2d8dc68bcb,https://us.cloud.langfuse.com/project/cmqqnar8v0eboad0cc5f3qinp/traces/c7285430dd28b8f1705cea2d8dc68bcb
historical_frequency,Historical frequency,2021-07-01,2021-10-01,0.0676818950930626,0.0,0.004580838923388332,,,,,,,,[],[],,,
logistic_c_0_001,Logistic (C=0.001),2021-07-01,2021-10-01,0.06918041954469285,0.0,0.004785930448379721,,,,,,,,[],[],,,
xgb_50_depth2_lr0_03_minchild3_l2_5,XGBoost (50 trees),2021-07-01,2021-10-01,0.050676316022872925,0.0,0.002568089005650087,,,,,,,,[],[],,,
hybrid_anchor,Hybrid anchor (logistic),2021-07-01,2021-10-01,0.06918041954469285,0.0,0.004785930448379721,0.06918041954469285,,,,,,,[],[],,,
analyst_agent,Analyst agent,2021-07-01,2021-10-01,0.075,0.0,0.005625,,,,,,,"IPMAN momentum is positive over 3 months, and macro indicators like the yield curve and equity returns suggest expansion. The base rate is low, and current manufacturing data shows no immediate signs of contraction.",[],[],,,
hybrid_agent_adjusted,Hybrid agent adjusted,2021-07-01,2021-10-01,0.065,0.0,0.0042250000000000005,0.06918041302358123,0.065,-0.004180413023581228,-0.004180413023581228,0.065,passed,"IPMAN shows positive momentum over three and six months. Macro indicators, including a positive yield curve spread and strong equity returns, suggest low near-term manufacturing stress risk, justifying a slight downward adjustment from the statistical anchor.","[""IPMAN 3-month change is positive at 1.34 percent.""]","[""None are material; macro and momentum signals are currently supportive of stability.""]",down,,
adaptive_agent,Adaptive agent,2021-07-01,2021-10-01,0.065,0.0,0.0042250000000000005,0.06918041302358123,0.065,-0.004180413023581228,-0.004180413023581228,0.065,passed,"The 3-month IPMAN change is positive (+1.34%), indicating growth rather than contraction. With strong equity returns and stable macro indicators, the risk of hitting the -2% stress threshold within three months remains low.","[""None are material""]","[""Positive 3-month IPMAN growth of 1.34% and strong 12-month XLI returns.""]",down,06f4c4a631e57646e9f72b0715488b3a,https://us.cloud.langfuse.com/project/cmqqnar8v0eboad0cc5f3qinp/traces/06f4c4a631e57646e9f72b0715488b3a
historical_frequency,Historical frequency,2021-08-01,2021-11-01,0.06756756756756757,0.0,0.004565376186997809,,,,,,,,[],[],,,
logistic_c_0_001,Logistic (C=0.001),2021-08-01,2021-11-01,0.06828587355057798,0.0,0.004662960526565525,,,,,,,,[],[],,,
xgb_50_depth2_lr0_03_minchild3_l2_5,XGBoost (50 trees),2021-08-01,2021-11-01,0.051202960312366486,0.0,0.0026217431447497774,,,,,,,,[],[],,,
hybrid_anchor,Hybrid anchor (logistic),2021-08-01,2021-11-01,0.06828587355057798,0.0,0.004662960526565525,0.06828587355057798,,,,,,,[],[],,,
analyst_agent,Analyst agent,2021-08-01,2021-11-01,0.06,0.0,0.0036,,,,,,,"Positive 3-month IPMAN momentum and a steep yield curve suggest a healthy manufacturing environment. Macro indicators show no immediate signs of contraction, keeping the probability of stress below the historical base rate.",[],[],,,
hybrid_agent_adjusted,Hybrid agent adjusted,2021-08-01,2021-11-01,0.068,0.0,0.0046240000000000005,0.0682858669498902,0.068,-0.00028586694989019,-0.00028586694989019,0.068,passed,"IPMAN shows positive momentum with a 2.02% three-month growth rate. Macro indicators, including strong equity returns and stable credit spreads, suggest low near-term manufacturing stress risk, consistent with the statistical anchor.","[""None are material""]","[""IPMAN 3-month growth of 2.02% indicates positive momentum, well above the stress threshold.""]",down,,
adaptive_agent,Adaptive agent,2021-08-01,2021-11-01,0.062,0.0,0.0038439999999999998,0.0682858669498902,0.062,-0.006285866949890195,-0.006285866949890195,0.062,passed,"The 3-month IPMAN change is positive (+2.02%), indicating robust momentum well above the -2% stress threshold. Macro indicators, including a positive yield spread and stable credit spreads, support a low probability of near-term manufacturing stress.","[""3-month IPMAN change is positive at 2.02%""]","[""none are material""]",down,6a190b7d3080f2ef8783813bcdc2b127,https://us.cloud.langfuse.com/project/cmqqnar8v0eboad0cc5f3qinp/traces/6a190b7d3080f2ef8783813bcdc2b127
historical_frequency,Historical frequency,2021-09-01,2021-12-01,0.06745362563237774,0.0,0.004549991610952967,,,,,,,,[],[],,,
logistic_c_0_001,Logistic (C=0.001),2021-09-01,2021-12-01,0.07058964081532171,0.0,0.004982897390436132,,,,,,,,[],[],,,
xgb_50_depth2_lr0_03_minchild3_l2_5,XGBoost (50 trees),2021-09-01,2021-12-01,0.05219452083110809,0.0,0.0027242680047889767,,,,,,,,[],[],,,
hybrid_anchor,Hybrid anchor (logistic),2021-09-01,2021-12-01,0.07058964081532171,0.0,0.004982897390436132,0.07058964081532171,,,,,,,[],[],,,
analyst_agent,Analyst agent,2021-09-01,2021-12-01,0.09,0.0,0.0081,,,,,,,"IPMAN momentum remains positive over three months, and the yield curve is steep. While recent monthly IPMAN is slightly negative, macro indicators like low credit spreads and strong equity returns suggest limited immediate manufacturing stress risk.",[],[],,,
hybrid_agent_adjusted,Hybrid agent adjusted,2021-09-01,2021-12-01,0.075,0.0,0.005625,0.07058963930488979,0.075,0.0044103606951102076,0.0044103606951102076,0.075,passed,"IPMAN remains stable over the three-month window, and macro indicators like the yield curve and equity returns suggest resilience. A slight upward adjustment reflects the recent one-month dip in IPMAN.","[""Recent one-month IPMAN decline of 0.59%.""]","[""Positive three-month IPMAN growth of 0.32% and healthy 12-month XLI returns.""]",neutral,,
adaptive_agent,Adaptive agent,2021-09-01,2021-12-01,0.0706,0.0,0.004984359999999999,0.07058963930488979,0.0706,1.036069511020643e-05,1.036069511020643e-05,0.0706,passed,"The 3-month IPMAN change is positive (+0.32%), indicating no immediate stress. While the 1-month change is slightly negative, it remains far from the -2% threshold. Macro indicators like yield spread and credit spread remain supportive.","[""3-month IPMAN change is positive at 0.32%""]","[""1-month IPMAN change is slightly negative at -0.59%""]",neutral,551da4b64e401eb8a27e133184f17928,https://us.cloud.langfuse.com/project/cmqqnar8v0eboad0cc5f3qinp/traces/551da4b64e401eb8a27e133184f17928
historical_frequency,Historical frequency,2021-10-01,2022-01-01,0.06734006734006734,0.0,0.004534684669364804,,,,,,,,[],[],,,
logistic_c_0_001,Logistic (C=0.001),2021-10-01,2022-01-01,0.0758459508565538,0.0,0.0057526082613347735,,,,,,,,[],[],,,
xgb_50_depth2_lr0_03_minchild3_l2_5,XGBoost (50 trees),2021-10-01,2022-01-01,0.09841671586036682,0.0,0.009685849960740178,,,,,,,,[],[],,,
hybrid_anchor,Hybrid anchor (logistic),2021-10-01,2022-01-01,0.0758459508565538,0.0,0.0057526082613347735,0.0758459508565538,,,,,,,[],[],,,
analyst_agent,Analyst agent,2021-10-01,2022-01-01,0.15,0.0,0.0225,,,,,,,"IPMAN momentum is negative but remains above the -2% threshold. Macro signals are mixed; while XLI underperformance suggests sector weakness, the positive yield curve and low unemployment provide a buffer against immediate manufacturing stress.",[],[],,,
hybrid_agent_adjusted,Hybrid agent adjusted,2021-10-01,2022-01-01,0.10584595533586617,0.0,0.011203366260962177,0.07584595533586617,0.12,0.04415404466413382,0.03,0.10584595533586617,clamped,"The 3-month IPMAN decline is accelerating, and the negative 3-month XLI return suggests weakening industrial sentiment. While the base rate is low, these indicators point to an increased risk of hitting the stress threshold.","[""IPMAN 3-month decline of -0.92% and 1-month decline of -1.22%"", ""XLI 3-month return of -4.14%""]","[""None are material""]",up,,
adaptive_agent,Adaptive agent,2021-10-01,2022-01-01,0.085,0.0,0.007225000000000001,0.07584595533586617,0.085,0.009154044664133831,0.009154044664133831,0.085,passed,"The 3-month IPMAN contraction of -0.92% is approaching the -2% threshold. While macro signals remain stable, the recent 1-month decline of -1.22% suggests increased downward momentum, warranting a slight upward adjustment from the anchor.","[""Recent 1-month IPMAN decline of -1.22% indicates accelerating short-term contraction.""]","[""3-month IPMAN contraction of -0.92% remains well above the -2% stress threshold.""]",up,b5609d1fbc944e0977e267b913d2b2a9,https://us.cloud.langfuse.com/project/cmqqnar8v0eboad0cc5f3qinp/traces/b5609d1fbc944e0977e267b913d2b2a9
historical_frequency,Historical frequency,2021-11-01,2022-02-01,0.06722689075630252,0.0,0.004519454840759833,,,,,,,,[],[],,,
logistic_c_0_001,Logistic (C=0.001),2021-11-01,2022-02-01,0.069884738949092,0.0,0.004883876737982736,,,,,,,,[],[],,,
xgb_50_depth2_lr0_03_minchild3_l2_5,XGBoost (50 trees),2021-11-01,2022-02-01,0.04617028683423996,0.0,0.0021316953863559918,,,,,,,,[],[],,,
hybrid_anchor,Hybrid anchor (logistic),2021-11-01,2022-02-01,0.069884738949092,0.0,0.004883876737982736,0.069884738949092,,,,,,,[],[],,,
analyst_agent,Analyst agent,2021-11-01,2022-02-01,0.12,0.0,0.0144,,,,,,,"IPMAN momentum is slightly negative but improving. Macro indicators like the positive yield curve and strong equity returns suggest resilience, offsetting the modest contraction risk. The probability remains near the trailing base rate.",[],[],,,
hybrid_agent_adjusted,Hybrid agent adjusted,2021-11-01,2022-02-01,0.075,0.0,0.005625,0.06988473673543567,0.075,0.005115263264564324,0.005115263264564324,0.075,passed,"The 3-month IPMAN change is negative, indicating slight momentum weakness. However, positive 1-month growth and favorable macro indicators like low unemployment and positive equity returns suggest the risk of a 2% decline remains low.","[""IPMAN 3-month percentage change is negative at -0.42%""]","[""Positive 1-month IPMAN growth and strong 12-month equity returns (SPY/XLI)""]",neutral,,
adaptive_agent,Adaptive agent,2021-11-01,2022-02-01,0.065,0.0,0.0042250000000000005,0.06988473673543567,0.065,-0.004884736735435671,-0.004884736735435671,0.065,passed,"The 3-month IPMAN contraction of -0.42% remains well above the -2% stress threshold. Recent 1-month growth of 1.41% and stable macro indicators suggest low near-term risk, justifying a slight downward adjustment from the anchor.","[""3-month IPMAN contraction of -0.42% is significantly above the -2% stress threshold.""]","[""None are material.""]",down,6dca10a076d13b3a8b9bd8cc7c5f0894,https://us.cloud.langfuse.com/project/cmqqnar8v0eboad0cc5f3qinp/traces/6dca10a076d13b3a8b9bd8cc7c5f0894
historical_frequency,Historical frequency,2021-12-01,2022-03-01,0.06711409395973154,0.0,0.004504301608035674,,,,,,,,[],[],,,
logistic_c_0_001,Logistic (C=0.001),2021-12-01,2022-03-01,0.07533511831602356,0.0,0.005675380051689269,,,,,,,,[],[],,,
xgb_50_depth2_lr0_03_minchild3_l2_5,XGBoost (50 trees),2021-12-01,2022-03-01,0.06465872377157211,0.0,0.004180750559768465,,,,,,,,[],[],,,
hybrid_anchor,Hybrid anchor (logistic),2021-12-01,2022-03-01,0.07533511831602356,0.0,0.005675380051689269,0.07533511831602356,,,,,,,[],[],,,
analyst_agent,Analyst agent,2021-12-01,2022-03-01,0.09,0.0,0.0081,,,,,,,"IPMAN momentum is positive over 1m and 3m horizons, suggesting resilience. While the yield curve is inverted and credit spreads are elevated, the manufacturing sector shows no immediate signs of the 2% decline threshold.",[],[],,,
hybrid_agent_adjusted,Hybrid agent adjusted,2021-12-01,2022-03-01,0.085,0.0,0.007225000000000001,0.07533512959779218,0.085,0.009664870402207829,0.009664870402207829,0.085,passed,"IPMAN trends remain positive, but the negative XLI 3-month return and elevated VIX suggest emerging sector-specific caution. The probability is adjusted slightly upward from the anchor to reflect these mixed signals.","[""XLI 3-month return is negative (-3.27%), indicating sector-specific weakness.""]","[""IPMAN 3-month change remains positive at 0.76%, suggesting current production stability.""]",up,,
adaptive_agent,Adaptive agent,2021-12-01,2022-03-01,0.072,0.0,0.005183999999999999,0.07533512959779218,0.072,-0.003335129597792183,-0.003335129597792183,0.072,passed,"IPMAN shows positive 3-month growth (+0.76%), far from the -2% stress threshold. While XLI return is negative, broader macro indicators remain stable, supporting a slight downward adjustment from the statistical anchor.","[""Positive 3-month IPMAN growth of 0.76%.""]","[""Negative 3-month XLI return of -3.27%.""]",down,933622d6bac7d43b6d358d0f2d1150ec,https://us.cloud.langfuse.com/project/cmqqnar8v0eboad0cc5f3qinp/traces/933622d6bac7d43b6d358d0f2d1150ec
historical_frequency,Historical frequency,2022-01-01,2022-04-01,0.06700167504187604,0.0,0.004489224458417155,,,,,,,,[],[],,,
logistic_c_0_001,Logistic (C=0.001),2022-01-01,2022-04-01,0.07512972840915724,0.0,0.005644476090833729,,,,,,,,[],[],,,
xgb_50_depth2_lr0_03_minchild3_l2_5,XGBoost (50 trees),2022-01-01,2022-04-01,0.06415830552577972,0.0,0.004116288167939297,,,,,,,,[],[],,,
hybrid_anchor,Hybrid anchor (logistic),2022-01-01,2022-04-01,0.07512972840915724,0.0,0.005644476090833729,0.07512972840915724,,,,,,,[],[],,,
analyst_agent,Analyst agent,2022-01-01,2022-04-01,0.12,0.0,0.0144,,,,,,,"IPMAN momentum remains positive over three months, offsetting recent minor declines. While the yield curve is steep and credit spreads are moderate, the manufacturing sector shows resilience despite high interest rates and cooling industrial equity performance.",[],[],,,
hybrid_agent_adjusted,Hybrid agent adjusted,2022-01-01,2022-04-01,0.085,0.0,0.007225000000000001,0.07512973973141827,0.085,0.009870260268581732,0.009870260268581732,0.085,passed,"IPMAN remains stable over three months, but the negative XLI 3-month return and elevated credit spreads suggest emerging sector-specific headwinds, warranting a slight upward adjustment from the statistical anchor.","[""XLI 3-month return is negative at -3.27 percent, indicating sector-specific weakness.""]","[""IPMAN 3-month change remains positive at 1.89 percent, suggesting current production momentum is not yet in a stressed state.""]",up,,
adaptive_agent,Adaptive agent,2022-01-01,2022-04-01,0.072,0.0,0.005183999999999999,0.07512973973141827,0.072,-0.0031297397314182795,-0.0031297397314182795,0.072,passed,"The 3-month IPMAN change remains positive at 1.89%, providing a significant buffer against the -2% stress threshold. Despite some volatility in XLI returns, macroeconomic indicators like low unemployment and stable credit spreads suggest limited near-term stress risk.","[""XLI_RETURN_3M is negative at -3.27%""]","[""IPMAN_change_3m_pct is positive at 1.89%, well above the -2% stress threshold""]",down,1e67d6367c659c9761565c202e0ee15e,https://us.cloud.langfuse.com/project/cmqqnar8v0eboad0cc5f3qinp/traces/1e67d6367c659c9761565c202e0ee15e
historical_frequency,Historical frequency,2022-02-01,2022-05-01,0.06688963210702341,0.0,0.0044742228834129365,,,,,,,,[],[],,,
logistic_c_0_001,Logistic (C=0.001),2022-02-01,2022-05-01,0.0776119698514409,0.0,0.006023617864220972,,,,,,,,[],[],,,
xgb_50_depth2_lr0_03_minchild3_l2_5,XGBoost (50 trees),2022-02-01,2022-05-01,0.13018126785755157,0.0,0.01694716250099959,,,,,,,,[],[],,,
hybrid_anchor,Hybrid anchor (logistic),2022-02-01,2022-05-01,0.0776119698514409,0.0,0.006023617864220972,0.0776119698514409,,,,,,,[],[],,,
analyst_agent,Analyst agent,2022-02-01,2022-05-01,0.18,0.0,0.0324,,,,,,,"IPMAN momentum is negative but currently above the -2% threshold. While macro signals like rising inflation and tightening credit spreads suggest headwinds, the manufacturing sector remains resilient, keeping the probability of a sharp decline moderate.",[],[],,,
hybrid_agent_adjusted,Hybrid agent adjusted,2022-02-01,2022-05-01,0.10761197025694623,0.0,0.01158033614258188,0.07761197025694623,0.11,0.03238802974305377,0.03,0.10761197025694623,clamped,"IPMAN trends are slightly negative, and industrial sector performance (XLI) is weakening. While current stress is low, the combination of tightening credit spreads and negative momentum suggests a moderate increase in near-term risk.","[""XLI_RETURN_3M is negative at -3.23 percent, indicating sector-specific weakness.""]","[""UNRATE remains low at 4.0 percent, suggesting continued labor market resilience.""]",up,,
adaptive_agent,Adaptive agent,2022-02-01,2022-05-01,0.075,0.0,0.005625,0.07761197025694623,0.075,-0.0026119702569462333,-0.0026119702569462333,0.075,passed,"The 3-month IPMAN contraction of -0.49% remains well above the -2% stress threshold. While recent XLI and SPY returns are negative, the overall macro environment and current IPMAN trajectory suggest low immediate risk of reaching the threshold.","[""Negative 3-month returns for XLI (-3.23%) and SPY (-1.69%) suggest potential sector-specific headwinds.""]","[""Current 3-month IPMAN contraction of -0.49% is significantly above the -2% stress threshold.""]",neutral,20bd50ac5af2b7c930d54722f307a593,https://us.cloud.langfuse.com/project/cmqqnar8v0eboad0cc5f3qinp/traces/20bd50ac5af2b7c930d54722f307a593
historical_frequency,Historical frequency,2022-03-01,2022-06-01,0.0667779632721202,0.0,0.004459296378772634,,,,,,,,[],[],,,
logistic_c_0_001,Logistic (C=0.001),2022-03-01,2022-06-01,0.07876728249363937,0.0,0.006204284791432787,,,,,,,,[],[],,,
xgb_50_depth2_lr0_03_minchild3_l2_5,XGBoost (50 trees),2022-03-01,2022-06-01,0.059789858758449554,0.0,0.003574827210355347,,,,,,,,[],[],,,
hybrid_anchor,Hybrid anchor (logistic),2022-03-01,2022-06-01,0.07876728249363937,0.0,0.006204284791432787,0.07876728249363937,,,,,,,[],[],,,
analyst_agent,Analyst agent,2022-03-01,2022-06-01,0.12,0.0,0.0144,,,,,,,"IPMAN momentum is slightly negative but far from the -2% threshold. Macro signals show elevated VIX and credit spreads, but low unemployment and positive 12-month returns suggest resilience, keeping stress probability near the trailing base rate.",[],[],,,
hybrid_agent_adjusted,Hybrid agent adjusted,2022-03-01,2022-06-01,0.10876728314795436,0.0,0.011830321883387278,0.07876728314795436,0.11,0.031232716852045636,0.03,0.10876728314795436,clamped,"IPMAN trends are stable, but elevated VIX, rising credit spreads, and negative 3-month equity returns suggest tightening financial conditions, increasing the risk of manufacturing stress despite low unemployment and moderate inflation.","[""Elevated VIX (30.15) and widening credit spreads (2.34) indicate heightened market stress and tighter financial conditions.""]","[""Low unemployment rate (3.9%) and positive 1-month IPMAN growth (0.58%) suggest underlying resilience in the manufacturing sector.""]",up,,
adaptive_agent,Adaptive agent,2022-03-01,2022-06-01,0.085,0.0,0.007225000000000001,0.07876728314795436,0.085,0.006232716852045642,0.006232716852045642,0.085,passed,"The 3-month IPMAN contraction is -0.5%, well above the -2% threshold. However, elevated VIX (30.15) and negative 3-month SPY returns suggest increased market volatility and potential headwinds, warranting a slight upward adjustment from the anchor.","[""3-month IPMAN contraction of -0.5% is significantly above the -2% stress threshold.""]","[""Elevated VIX (30.15) and negative 3-month SPY returns indicate heightened market risk.""]",up,841577fe01cddd1cd76140bde6cc860f,https://us.cloud.langfuse.com/project/cmqqnar8v0eboad0cc5f3qinp/traces/841577fe01cddd1cd76140bde6cc860f
historical_frequency,Historical frequency,2022-04-01,2022-07-01,0.06666666666666667,0.0,0.0044444444444444444,,,,,,,,[],[],,,
logistic_c_0_001,Logistic (C=0.001),2022-04-01,2022-07-01,0.07609198780356942,0.0,0.005789990607898557,,,,,,,,[],[],,,
xgb_50_depth2_lr0_03_minchild3_l2_5,XGBoost (50 trees),2022-04-01,2022-07-01,0.053971067070961,0.0,0.0029128760807781706,,,,,,,,[],[],,,
hybrid_anchor,Hybrid anchor (logistic),2022-04-01,2022-07-01,0.07609198780356942,0.0,0.005789990607898557,0.07609198780356942,,,,,,,[],[],,,
analyst_agent,Analyst agent,2022-04-01,2022-07-01,0.12,0.0,0.0144,,,,,,,"IPMAN momentum is positive and stable. While equity returns and credit spreads suggest some market caution, the lack of contraction in manufacturing data and a healthy labor market keep stress probability near the historical base rate.",[],[],,,
hybrid_agent_adjusted,Hybrid agent adjusted,2022-04-01,2022-07-01,0.085,0.0,0.007225000000000001,0.07609198468625333,0.085,0.008908015313746673,0.008908015313746673,0.085,passed,"IPMAN trends remain positive, but negative 3-month equity returns (SPY and XLI) and elevated inflation suggest mounting headwinds, warranting a slight upward adjustment from the statistical anchor.","[""Negative 3-month returns for SPY (-4.61%) and XLI (-2.35%) indicate cooling market sentiment.""]","[""IPMAN 3-month change remains positive at 0.07%.""]",up,,
adaptive_agent,Adaptive agent,2022-04-01,2022-07-01,0.072,0.0,0.005183999999999999,0.07609198468625333,0.072,-0.004091984686253339,-0.004091984686253339,0.072,passed,"The 3-month IPMAN change is positive (+0.07%), well above the -2% stress threshold. While SPY and XLI returns are negative, the low unemployment rate and stable credit spreads suggest limited near-term manufacturing stress risk.","[""3-month IPMAN change is positive (+0.074%)""]","[""Negative 3-month returns for SPY (-4.6%) and XLI (-2.35%)""]",down,260708c41be37048e7776f0a5ce43661,https://us.cloud.langfuse.com/project/cmqqnar8v0eboad0cc5f3qinp/traces/260708c41be37048e7776f0a5ce43661
historical_frequency,Historical frequency,2022-05-01,2022-08-01,0.06655574043261231,0.0,0.004429666584533265,,,,,,,,[],[],,,
logistic_c_0_001,Logistic (C=0.001),2022-05-01,2022-08-01,0.07567159577713792,0.0,0.005726190407458557,,,,,,,,[],[],,,
xgb_50_depth2_lr0_03_minchild3_l2_5,XGBoost (50 trees),2022-05-01,2022-08-01,0.05300641059875488,0.0,0.002809679564563794,,,,,,,,[],[],,,
hybrid_anchor,Hybrid anchor (logistic),2022-05-01,2022-08-01,0.07567159577713792,0.0,0.005726190407458557,0.07567159577713792,,,,,,,[],[],,,
analyst_agent,Analyst agent,2022-05-01,2022-08-01,0.12,0.0,0.0144,,,,,,,"IPMAN momentum remains positive over three months, offsetting the recent one-month dip. Macro signals are mixed; low unemployment and positive yield spread suggest resilience, while negative equity returns and credit spreads indicate moderate caution.",[],[],,,
hybrid_agent_adjusted,Hybrid agent adjusted,2022-05-01,2022-08-01,0.095,0.0,0.009025,0.0756715925496873,0.095,0.019328407450312696,0.019328407450312696,0.095,passed,"While the 3-month IPMAN trend remains positive, the recent 1-month decline and negative 3-month equity returns (SPY and XLI) suggest rising headwinds, warranting a slight upward adjustment from the statistical anchor.","[""1-month IPMAN decline of 0.05% and negative 3-month XLI return of -2.35%.""]","[""3-month IPMAN change remains positive at 0.99%.""]",up,,
adaptive_agent,Adaptive agent,2022-05-01,2022-08-01,0.075,0.0,0.005625,0.0756715925496873,0.075,-0.0006715925496873082,-0.0006715925496873082,0.075,passed,"The 3-month IPMAN change remains positive (+0.99%), providing a significant buffer against the -2% stress threshold. Despite negative 3-month equity returns, macroeconomic indicators like low unemployment and stable credit spreads suggest limited near-term manufacturing stress risk.","[""3-month IPMAN change is positive at 0.99%""]","[""Negative 3-month SPY and XLI returns suggest potential headwinds""]",neutral,0386a049f46baf6ac2c98f97e6b88693,https://us.cloud.langfuse.com/project/cmqqnar8v0eboad0cc5f3qinp/traces/0386a049f46baf6ac2c98f97e6b88693
historical_frequency,Historical frequency,2022-06-01,2022-09-01,0.0664451827242525,0.0,0.004414962307259303,,,,,,,,[],[],,,
logistic_c_0_001,Logistic (C=0.001),2022-06-01,2022-09-01,0.0801586522219964,0.0,0.006425409526046969,,,,,,,,[],[],,,
xgb_50_depth2_lr0_03_minchild3_l2_5,XGBoost (50 trees),2022-06-01,2022-09-01,0.13130012154579163,0.0,0.017239721917939654,,,,,,,,[],[],,,
hybrid_anchor,Hybrid anchor (logistic),2022-06-01,2022-09-01,0.0801586522219964,0.0,0.006425409526046969,0.0801586522219964,,,,,,,[],[],,,
analyst_agent,Analyst agent,2022-06-01,2022-09-01,0.12,0.0,0.0144,,,,,,,"IPMAN momentum is slightly negative but remains well above the -2% stress threshold. Macro signals show mixed pressure; while equity returns and credit spreads are concerning, low unemployment and a positive yield spread provide some resilience.",[],[],,,
hybrid_agent_adjusted,Hybrid agent adjusted,2022-06-01,2022-09-01,0.1101586452218149,0.0,0.012134927117105683,0.0801586452218149,0.12,0.039841354778185095,0.03,0.1101586452218149,clamped,"While the 3-month IPMAN change remains near zero, elevated credit spreads and negative equity returns (SPY/XLI) suggest tightening financial conditions, increasing the risk of a manufacturing downturn over the next quarter.","[""Elevated credit spread of 2.18 and negative 3-month returns for SPY and XLI.""]","[""The 3-month IPMAN change is only -0.04%, well above the -2% stress threshold.""]",up,,
adaptive_agent,Adaptive agent,2022-06-01,2022-09-01,0.075,0.0,0.005625,0.0801586452218149,0.075,-0.005158645221814903,-0.005158645221814903,0.075,passed,"The 3-month IPMAN contraction of -0.04% remains well above the -2% stress threshold. While equity returns are negative, labor market and credit conditions do not currently signal imminent manufacturing stress.","[""Negative 3-month SPY and XLI returns suggest potential headwinds.""]","[""3-month IPMAN contraction of -0.04% is significantly above the -2% stress threshold.""]",neutral,fba502410d60f19a89973617226b44bd,https://us.cloud.langfuse.com/project/cmqqnar8v0eboad0cc5f3qinp/traces/fba502410d60f19a89973617226b44bd
historical_frequency,Historical frequency,2022-07-01,2022-10-01,0.06633499170812604,0.0,0.004400331124917151,,,,,,,,[],[],,,
logistic_c_0_001,Logistic (C=0.001),2022-07-01,2022-10-01,0.0858334511458165,0.0,0.007367381335601268,,,,,,,,[],[],,,
xgb_50_depth2_lr0_03_minchild3_l2_5,XGBoost (50 trees),2022-07-01,2022-10-01,0.17706815898418427,0.0,0.031353132926048355,,,,,,,,[],[],,,
hybrid_anchor,Hybrid anchor (logistic),2022-07-01,2022-10-01,0.0858334511458165,0.0,0.007367381335601268,0.0858334511458165,,,,,,,[],[],,,
analyst_agent,Analyst agent,2022-07-01,2022-10-01,0.22,0.0,0.0484,,,,,,,"IPMAN momentum is negative but currently above the -2% threshold. High inflation and poor equity returns suggest headwinds, but low unemployment and a positive yield spread provide some resilience against immediate manufacturing contraction.",[],[],,,
hybrid_agent_adjusted,Hybrid agent adjusted,2022-07-01,2022-10-01,0.1158334432390138,0.0,0.013417386572605832,0.0858334432390138,0.15,0.06416655676098619,0.03,0.1158334432390138,clamped,"IPMAN momentum is negative and accelerating. High inflation (8.98%), inverted yield curve, and significant equity market declines (SPY/XLI) suggest heightened manufacturing stress risk despite low unemployment.","[""IPMAN 3-month decline of 1.04% and negative 1-month momentum"", ""Significant 3-month declines in SPY (-16.1%) and XLI (-14.8%)"", ""High CPI inflation (8.98%) and narrow yield spread (0.06%)""]","[""Low unemployment rate (3.6%) and relatively low initial jobless claims (212k)""]",up,,
adaptive_agent,Adaptive agent,2022-07-01,2022-10-01,0.115,0.0,0.013225,0.0858334432390138,0.115,0.0291665567609862,0.0291665567609862,0.115,passed,"The 3-month IPMAN contraction is accelerating (-1.04%), and negative equity returns (SPY -16.1%) combined with high inflation (8.98%) and widening credit spreads (2.31) increase the risk of hitting the -2% stress threshold.","[""3-month IPMAN contraction of -1.04% is trending toward the -2% threshold."", ""Significant negative equity market performance (SPY -16.1% 3M) and elevated credit spreads (2.31).""]","[""Current 3-month contraction of -1.04% remains above the -2% stress threshold.""]",up,2b41f9cb60f2143c921adedbd3f10f4e,https://us.cloud.langfuse.com/project/cmqqnar8v0eboad0cc5f3qinp/traces/2b41f9cb60f2143c921adedbd3f10f4e
historical_frequency,Historical frequency,2022-08-01,2022-11-01,0.06622516556291391,0.0,0.004385772553835359,,,,,,,,[],[],,,
logistic_c_0_001,Logistic (C=0.001),2022-08-01,2022-11-01,0.07675681590951702,0.0,0.005891608788567485,,,,,,,,[],[],,,
xgb_50_depth2_lr0_03_minchild3_l2_5,XGBoost (50 trees),2022-08-01,2022-11-01,0.06908271461725235,0.0,0.0047724214588887315,,,,,,,,[],[],,,
hybrid_anchor,Hybrid anchor (logistic),2022-08-01,2022-11-01,0.07675681590951702,0.0,0.005891608788567485,0.07675681590951702,,,,,,,[],[],,,
analyst_agent,Analyst agent,2022-08-01,2022-11-01,0.18,0.0,0.0324,,,,,,,"IPMAN momentum is negative but mild (-0.9%). While the yield curve is inverted and inflation is high, low unemployment and stable industrial sector returns suggest resilience, keeping the probability of a sharp 2% decline relatively low.",[],[],,,
hybrid_agent_adjusted,Hybrid agent adjusted,2022-08-01,2022-11-01,0.10675682202071068,0.0,0.011397019047961698,0.07675682202071069,0.11,0.033243177979289315,0.03,0.10675682202071068,clamped,"The inverted yield curve and elevated credit spreads signal heightened economic risk. While IPMAN remains stable, the negative 3-month trend and tightening financial conditions suggest an increased probability of manufacturing stress over the next quarter.","[""Inverted yield curve (YC_SPREAD: -0.22)""]","[""Low unemployment rate (UNRATE: 3.5)""]",up,,
adaptive_agent,Adaptive agent,2022-08-01,2022-11-01,0.072,0.0,0.005183999999999999,0.07675682202071069,0.072,-0.004756822020710691,-0.004756822020710691,0.072,passed,"The 3-month IPMAN contraction of -0.91% remains well above the -2% stress threshold. While the yield curve is inverted, recent monthly IPMAN growth is positive, suggesting a low immediate risk of reaching the stress threshold.","[""Inverted yield curve (YC_SPREAD -0.22)""]","[""3-month IPMAN contraction (-0.91%) is significantly above the -2% stress threshold""]",neutral,dacfdb143f3a07bbb1ea36d328f5a3c3,https://us.cloud.langfuse.com/project/cmqqnar8v0eboad0cc5f3qinp/traces/dacfdb143f3a07bbb1ea36d328f5a3c3
historical_frequency,Historical frequency,2022-09-01,2022-12-01,0.06611570247933884,1.0,0.8721398811556588,,,,,,,,[],[],,,
logistic_c_0_001,Logistic (C=0.001),2022-09-01,2022-12-01,0.07824470950449967,1.0,0.8496328155564442,,,,,,,,[],[],,,
xgb_50_depth2_lr0_03_minchild3_l2_5,XGBoost (50 trees),2022-09-01,2022-12-01,0.10023434460163116,1.0,0.8095782346344562,,,,,,,,[],[],,,
hybrid_anchor,Hybrid anchor (logistic),2022-09-01,2022-12-01,0.07824470950449967,1.0,0.8496328155564442,0.07824470950449967,,,,,,,[],[],,,
analyst_agent,Analyst agent,2022-09-01,2022-12-01,0.28,1.0,0.5184,,,,,,,"IPMAN momentum is negative but currently above the -2% threshold. Inverted yield curve and negative equity returns suggest headwinds, but low unemployment and stable initial claims provide a buffer against immediate manufacturing contraction.",[],[],,,
hybrid_agent_adjusted,Hybrid agent adjusted,2022-09-01,2022-12-01,0.10824471116493489,1.0,0.7952274951653103,0.0782447111649349,0.15,0.0717552888350651,0.03,0.10824471116493489,clamped,"The inverted yield curve and negative equity returns suggest heightened economic risk. While the current IPMAN decline is modest, these macro headwinds increase the likelihood of manufacturing stress over the next three months.","[""Inverted yield curve (YC_SPREAD: -0.30)""]","[""Low unemployment rate (UNRATE: 3.6)""]",up,,
adaptive_agent,Adaptive agent,2022-09-01,2022-12-01,0.10824471116493489,1.0,0.7952274951653103,0.0782447111649349,0.12,0.0417552888350651,0.03,0.10824471116493489,clamped,"The 3-month IPMAN contraction is -0.48%, approaching the -2% threshold. Inverted yield curve (-0.30) and negative equity returns suggest rising macroeconomic headwinds, warranting an upward adjustment from the anchor.","[""Inverted yield curve (YC_SPREAD -0.30)"", ""Negative 3-month SPY return (-3.88%)""]","[""3-month IPMAN contraction (-0.48%) remains above the -2% stress threshold""]",up,796dee2c948ffab88ed8bc3e041ce481,https://us.cloud.langfuse.com/project/cmqqnar8v0eboad0cc5f3qinp/traces/796dee2c948ffab88ed8bc3e041ce481
historical_frequency,Historical frequency,2022-10-01,2023-01-01,0.066006600660066,0.0,0.004356871330697425,,,,,,,,[],[],,,
logistic_c_0_001,Logistic (C=0.001),2022-10-01,2023-01-01,0.07753301458753294,0.0,0.006011368351030595,,,,,,,,[],[],,,
xgb_50_depth2_lr0_03_minchild3_l2_5,XGBoost (50 trees),2022-10-01,2023-01-01,0.10258731245994568,0.0,0.010524156677754526,,,,,,,,[],[],,,
hybrid_anchor,Hybrid anchor (logistic),2022-10-01,2023-01-01,0.07753301458753294,0.0,0.006011368351030595,0.07753301458753294,,,,,,,[],[],,,
analyst_agent,Analyst agent,2022-10-01,2023-01-01,0.18,0.0,0.0324,,,,,,,"Positive 3-month IPMAN momentum offsets recent weakness, but the inverted yield curve and negative equity returns suggest rising headwinds. The probability is elevated above the base rate due to tightening financial conditions.",[],[],,,
hybrid_agent_adjusted,Hybrid agent adjusted,2022-10-01,2023-01-01,0.10753301628213063,0.0,0.011563349590732972,0.07753301628213063,0.12,0.04246698371786936,0.03,0.10753301628213063,clamped,"The inverted yield curve and negative equity returns suggest rising macroeconomic headwinds. While IPMAN remains stable, these leading indicators increase the risk of a manufacturing contraction over the next three months.","[""Inverted yield curve (YC_SPREAD: -0.30) and negative 3-month SPY returns (-3.89%) indicate heightened recessionary risk.""]","[""IPMAN 3-month change remains positive (+5.65%), indicating current manufacturing output has not yet entered a contractionary phase.""]",up,,
adaptive_agent,Adaptive agent,2022-10-01,2023-01-01,0.085,0.0,0.007225000000000001,0.07753301628213063,0.085,0.0074669837178693715,0.0074669837178693715,0.085,passed,"The 3-month IPMAN trend is positive (+5.6%), providing a strong buffer against the -2% stress threshold. However, the inverted yield curve (-0.30) and rising credit spreads (2.18) signal elevated macroeconomic risk, warranting a slight upward adjustment.","[""Inverted yield curve (-0.30) and elevated credit spreads (2.18) suggest increased macroeconomic risk.""]","[""Strong 3-month IPMAN growth (+5.6%) keeps the sector well above the -2% stress threshold.""]",up,de00480f4428b4154fa7bfa2f7a8bbd6,https://us.cloud.langfuse.com/project/cmqqnar8v0eboad0cc5f3qinp/traces/de00480f4428b4154fa7bfa2f7a8bbd6
historical_frequency,Historical frequency,2022-11-01,2023-02-01,0.06589785831960461,0.0,0.004342527731110683,,,,,,,,[],[],,,
logistic_c_0_001,Logistic (C=0.001),2022-11-01,2023-02-01,0.07701773425561158,0.0,0.005931731389868005,,,,,,,,[],[],,,
xgb_50_depth2_lr0_03_minchild3_l2_5,XGBoost (50 trees),2022-11-01,2023-02-01,0.09687554091215134,0.0,0.009384870427021907,,,,,,,,[],[],,,
hybrid_anchor,Hybrid anchor (logistic),2022-11-01,2023-02-01,0.07701773425561158,0.0,0.005931731389868005,0.07701773425561158,,,,,,,[],[],,,
analyst_agent,Analyst agent,2022-11-01,2023-02-01,0.18,0.0,0.0324,,,,,,,"IPMAN momentum is positive over 3 months, offsetting the inverted yield curve and negative equity returns. While macro headwinds persist, the manufacturing sector shows short-term resilience, keeping stress probability only slightly above the trailing base rate.",[],[],,,
hybrid_agent_adjusted,Hybrid agent adjusted,2022-11-01,2023-02-01,0.10701772709201021,0.0,0.011452793911939976,0.07701772709201021,0.12,0.04298227290798978,0.03,0.10701772709201021,clamped,"While IPMAN shows short-term stability, the inverted yield curve and negative equity returns signal significant macroeconomic headwinds, increasing the likelihood of manufacturing stress despite current production levels.","[""Inverted yield curve (YC_SPREAD: -0.41) and negative 3-month SPY returns (-5.87%) suggest heightened recessionary risk.""]","[""Positive 1-month (0.25%) and 3-month (0.22%) IPMAN growth indicates current manufacturing resilience.""]",up,,
adaptive_agent,Adaptive agent,2022-11-01,2023-02-01,0.085,0.0,0.007225000000000001,0.07701772709201021,0.085,0.007982272907989793,0.007982272907989793,0.085,passed,"While recent IPMAN growth is positive, the inverted yield curve (-0.41) and elevated credit spreads (2.28) signal heightened macroeconomic risk, warranting a slight upward adjustment from the statistical anchor.","[""Inverted yield curve (YC_SPREAD: -0.41)""]","[""Positive 3-month IPMAN growth (0.22%)""]",up,274d9270fe5c234e7004fd41c3fcd68e,https://us.cloud.langfuse.com/project/cmqqnar8v0eboad0cc5f3qinp/traces/274d9270fe5c234e7004fd41c3fcd68e
historical_frequency,Historical frequency,2022-12-01,2023-03-01,0.06578947368421052,0.0,0.004328254847645429,,,,,,,,[],[],,,
logistic_c_0_001,Logistic (C=0.001),2022-12-01,2023-03-01,0.07245707691959058,0.0,0.005250027995731466,,,,,,,,[],[],,,
xgb_50_depth2_lr0_03_minchild3_l2_5,XGBoost (50 trees),2022-12-01,2023-03-01,0.1091018095612526,0.0,0.011903204849539828,,,,,,,,[],[],,,
hybrid_anchor,Hybrid anchor (logistic),2022-12-01,2023-03-01,0.07245707691959058,0.0,0.005250027995731466,0.07245707691959058,,,,,,,[],[],,,
analyst_agent,Analyst agent,2022-12-01,2023-03-01,0.18,0.0,0.0324,,,,,,,"IPMAN momentum is negative but currently above the -2% threshold. An inverted yield curve and restrictive rates suggest future downside, though resilient XLI returns and low unemployment provide a buffer against immediate manufacturing contraction.",[],[],,,
hybrid_agent_adjusted,Hybrid agent adjusted,2022-12-01,2023-03-01,0.085,0.0,0.007225000000000001,0.07245707768637308,0.085,0.012542922313626928,0.012542922313626928,0.085,passed,"IPMAN trends remain slightly negative, and the inverted yield curve signals potential economic headwinds. While current stress is low, these factors warrant a modest upward adjustment from the statistical anchor.","[""Inverted yield curve (YC_SPREAD: -0.70) suggesting future economic contraction.""]","[""Low unemployment rate (UNRATE: 3.6) and positive 3-month XLI returns indicate resilient industrial demand.""]",up,,
adaptive_agent,Adaptive agent,2022-12-01,2023-03-01,0.085,0.0,0.007225000000000001,0.07245707768637308,0.085,0.012542922313626928,0.012542922313626928,0.085,passed,"The 3-month IPMAN contraction is -0.56%, well above the -2% threshold. However, the inverted yield curve (-0.70) and elevated credit spread (2.15) suggest rising macroeconomic risks, warranting a slight upward adjustment from the anchor.","[""Inverted yield curve (-0.70) and elevated credit spread (2.15) indicate heightened macroeconomic risk.""]","[""Current 3-month IPMAN contraction of -0.56% remains significantly above the -2% stress threshold.""]",up,306aef9f53e6a27a25396ea4b7ba24a4,https://us.cloud.langfuse.com/project/cmqqnar8v0eboad0cc5f3qinp/traces/306aef9f53e6a27a25396ea4b7ba24a4
historical_frequency,Historical frequency,2023-01-01,2023-04-01,0.06732348111658457,0.0,0.004532451109655119,,,,,,,,[],[],,,
logistic_c_0_001,Logistic (C=0.001),2023-01-01,2023-04-01,0.07902713221659143,0.0,0.006245287626378622,,,,,,,,[],[],,,
xgb_50_depth2_lr0_03_minchild3_l2_5,XGBoost (50 trees),2023-01-01,2023-04-01,0.1717711240053177,0.0,0.029505319042050226,,,,,,,,[],[],,,
hybrid_anchor,Hybrid anchor (logistic),2023-01-01,2023-04-01,0.07902713221659143,0.0,0.006245287626378622,0.07902713221659143,,,,,,,[],[],,,
analyst_agent,Analyst agent,2023-01-01,2023-04-01,0.28,0.0,0.07840000000000001,,,,,,,"The 3-month IPMAN decline has already breached the -2% threshold, signaling current stress. While XLI performance is resilient, the inverted yield curve and restrictive rates suggest persistent headwinds for manufacturing output over the next quarter.",[],[],,,
hybrid_agent_adjusted,Hybrid agent adjusted,2023-01-01,2023-04-01,0.1090271330458525,0.0,0.011886915740198022,0.0790271330458525,0.15,0.07097286695414749,0.03,0.1090271330458525,clamped,"The 3-month IPMAN decline of -2.28% already meets the stress threshold. While labor markets remain tight, the inverted yield curve and negative 12-month equity returns suggest persistent manufacturing headwinds, justifying an upward adjustment from the anchor.","[""IPMAN 3-month change of -2.28% exceeds the -2.0% stress threshold.""]","[""Unemployment rate remains low at 3.5%, indicating resilient labor demand.""]",up,,
adaptive_agent,Adaptive agent,2023-01-01,2023-04-01,0.1090271330458525,0.0,0.011886915740198022,0.0790271330458525,0.12,0.040972866954147494,0.03,0.1090271330458525,clamped,"The 3-month IPMAN change is -2.28%, breaching the -2% stress threshold. While XLI returns are positive, the contraction in manufacturing output signals elevated near-term stress risk despite stable labor and credit conditions.","[""3-month IPMAN change of -2.28% is below the -2% stress threshold.""]","[""Positive 3-month XLI return and low unemployment rate (3.5%) suggest underlying economic resilience.""]",up,7a0f40da240bc404f8b7b5d13bbe1d86,https://us.cloud.langfuse.com/project/cmqqnar8v0eboad0cc5f3qinp/traces/7a0f40da240bc404f8b7b5d13bbe1d86
historical_frequency,Historical frequency,2023-02-01,2023-05-01,0.06721311475409836,0.0,0.004517602794947595,,,,,,,,[],[],,,
logistic_c_0_001,Logistic (C=0.001),2023-02-01,2023-05-01,0.074044053122862,0.0,0.0054825218028612096,,,,,,,,[],[],,,
xgb_50_depth2_lr0_03_minchild3_l2_5,XGBoost (50 trees),2023-02-01,2023-05-01,0.14722569286823273,0.0,0.021675404640531193,,,,,,,,[],[],,,
hybrid_anchor,Hybrid anchor (logistic),2023-02-01,2023-05-01,0.074044053122862,0.0,0.0054825218028612096,0.074044053122862,,,,,,,[],[],,,
analyst_agent,Analyst agent,2023-02-01,2023-05-01,0.18,0.0,0.0324,,,,,,,"While the 3-month IPMAN trend is negative, recent monthly growth is positive. The inverted yield curve and high inflation suggest caution, but low unemployment and resilient industrial sector returns provide a countervailing buffer against immediate stress.",[],[],,,
hybrid_agent_adjusted,Hybrid agent adjusted,2023-02-01,2023-05-01,0.10404405750042511,0.0,0.010825165901151767,0.07404405750042511,0.12,0.04595594249957488,0.03,0.10404405750042511,clamped,"While recent IPMAN shows a slight rebound, the inverted yield curve and negative 3-month IPMAN trend suggest persistent underlying manufacturing weakness, warranting a modest upward adjustment from the base rate.","[""Inverted yield curve (YC_SPREAD: -0.69) indicating recession risk"", ""Negative 3-month IPMAN change (-0.82%)""]","[""Positive 1-month IPMAN growth (1.75%)"", ""Strong XLI 3-month return (8.46%)""]",up,,
adaptive_agent,Adaptive agent,2023-02-01,2023-05-01,0.072,0.0,0.005183999999999999,0.07404405750042511,0.072,-0.00204405750042512,-0.00204405750042512,0.072,passed,"The 3-month IPMAN contraction of -0.82% remains well above the -2% stress threshold. Recent 1-month growth of 1.75% suggests stabilization, though the inverted yield curve and negative 12-month SPY returns warrant caution.","[""3-month IPMAN contraction of -0.82% is significantly above the -2% stress threshold.""]","[""Inverted yield curve (YC_SPREAD -0.69) and negative 12-month SPY return (-8.19%) indicate potential macroeconomic headwinds.""]",down,eab92234c738879322702a484ff40114,https://us.cloud.langfuse.com/project/cmqqnar8v0eboad0cc5f3qinp/traces/eab92234c738879322702a484ff40114
historical_frequency,Historical frequency,2023-03-01,2023-06-01,0.06710310965630115,0.0,0.004502827325545576,,,,,,,,[],[],,,
logistic_c_0_001,Logistic (C=0.001),2023-03-01,2023-06-01,0.07677106373509754,0.0,0.005893796227018408,,,,,,,,[],[],,,
xgb_50_depth2_lr0_03_minchild3_l2_5,XGBoost (50 trees),2023-03-01,2023-06-01,0.12418504059314728,0.0,0.015421924307121637,,,,,,,,[],[],,,
hybrid_anchor,Hybrid anchor (logistic),2023-03-01,2023-06-01,0.07677106373509754,0.0,0.005893796227018408,0.07677106373509754,,,,,,,[],[],,,
analyst_agent,Analyst agent,2023-03-01,2023-06-01,0.18,0.0,0.0324,,,,,,,"Positive short-term IPMAN momentum offsets the negative 6-month trend. However, the inverted yield curve and restrictive Fed funds rate suggest significant downside risks to manufacturing activity over the three-month horizon.",[],[],,,
hybrid_agent_adjusted,Hybrid agent adjusted,2023-03-01,2023-06-01,0.10677106951423866,0.0,0.011400061285214385,0.07677106951423866,0.12,0.04322893048576133,0.03,0.10677106951423866,clamped,"The inverted yield curve and negative equity returns suggest heightened macroeconomic risk. While recent IPMAN growth is positive, the persistent yield curve inversion and tightening financial conditions warrant a moderate upward adjustment to the base probability.","[""Inverted yield curve (YC_SPREAD: -0.89)""]","[""Positive 3-month IPMAN growth (2.73%)""]",up,,
adaptive_agent,Adaptive agent,2023-03-01,2023-06-01,0.072,0.0,0.005183999999999999,0.07677106951423866,0.072,-0.004771069514238668,-0.004771069514238668,0.072,passed,"The 3-month IPMAN change is positive (+2.73%), well above the -2% stress threshold. Despite a negative yield curve, the recent positive momentum in manufacturing output reduces the immediate risk of hitting the stress threshold.","[""Inverted yield curve (YC_SPREAD -0.89) suggests potential future economic headwinds.""]","[""Positive 3-month IPMAN growth of 2.73% is significantly above the -2% stress threshold.""]",down,e853c3200dac64b978e60d2f2837bb3e,https://us.cloud.langfuse.com/project/cmqqnar8v0eboad0cc5f3qinp/traces/e853c3200dac64b978e60d2f2837bb3e
historical_frequency,Historical frequency,2023-04-01,2023-07-01,0.06699346405228758,0.0,0.004488124225725148,,,,,,,,[],[],,,
logistic_c_0_001,Logistic (C=0.001),2023-04-01,2023-07-01,0.07604781140620939,0.0,0.005783269619674391,,,,,,,,[],[],,,
xgb_50_depth2_lr0_03_minchild3_l2_5,XGBoost (50 trees),2023-04-01,2023-07-01,0.12560927867889404,0.0,0.015777690890232066,,,,,,,,[],[],,,
hybrid_anchor,Hybrid anchor (logistic),2023-04-01,2023-07-01,0.07604781140620939,0.0,0.005783269619674391,0.07604781140620939,,,,,,,[],[],,,
analyst_agent,Analyst agent,2023-04-01,2023-07-01,0.18,0.0,0.0324,,,,,,,"Positive 3-month IPMAN momentum offsets recent weakness, but the inverted yield curve and restrictive Fed funds rate suggest rising downside risks to manufacturing activity over the three-month horizon.",[],[],,,
hybrid_agent_adjusted,Hybrid agent adjusted,2023-04-01,2023-07-01,0.10604781715876732,0.0,0.011246139524139345,0.07604781715876732,0.12,0.04395218284123267,0.03,0.10604781715876732,clamped,"The 3-month IPMAN trend remains positive, but the inverted yield curve, negative equity returns, and elevated credit spreads suggest rising macroeconomic headwinds that increase the risk of manufacturing contraction over the next quarter.","[""Inverted yield curve (-0.89) and negative 3-month SPY returns indicate significant macroeconomic stress.""]","[""IPMAN 3-month change remains positive at 1.15%, indicating current production levels have not yet met the stress threshold.""]",up,,
adaptive_agent,Adaptive agent,2023-04-01,2023-07-01,0.072,0.0,0.005183999999999999,0.07604781715876732,0.072,-0.004047817158767328,-0.004047817158767328,0.072,passed,"The 3-month IPMAN change is positive (+1.15%), providing a significant buffer against the -2% stress threshold. While the yield curve is inverted, current manufacturing momentum remains resilient, justifying a slight downward adjustment from the anchor.","[""3-month IPMAN change is positive at +1.15%""]","[""Inverted yield curve (YC_SPREAD -0.89) and negative 12-month SPY return""]",down,b835f144ce3fdce612821599fc6c234a,https://us.cloud.langfuse.com/project/cmqqnar8v0eboad0cc5f3qinp/traces/b835f144ce3fdce612821599fc6c234a
historical_frequency,Historical frequency,2023-05-01,2023-08-01,0.06688417618270799,0.0,0.004473493023639523,,,,,,,,[],[],,,
logistic_c_0_001,Logistic (C=0.001),2023-05-01,2023-08-01,0.07281335910451088,0.0,0.005301785264082457,,,,,,,,[],[],,,
xgb_50_depth2_lr0_03_minchild3_l2_5,XGBoost (50 trees),2023-05-01,2023-08-01,0.10334307700395584,0.0,0.010679791564645547,,,,,,,,[],[],,,
hybrid_anchor,Hybrid anchor (logistic),2023-05-01,2023-08-01,0.07281335910451088,0.0,0.005301785264082457,0.07281335910451088,,,,,,,[],[],,,
analyst_agent,Analyst agent,2023-05-01,2023-08-01,0.12,0.0,0.0144,,,,,,,"IPMAN momentum is positive over 1-3 months, mitigating immediate stress risk. However, the inverted yield curve and restrictive Fed funds rate suggest persistent underlying macro headwinds, keeping the probability slightly above the trailing base rate.",[],[],,,
hybrid_agent_adjusted,Hybrid agent adjusted,2023-05-01,2023-08-01,0.085,0.0,0.007225000000000001,0.07281335839811412,0.085,0.012186641601885886,0.012186641601885886,0.085,passed,"IPMAN shows modest recent growth, but the inverted yield curve and elevated credit spreads suggest underlying manufacturing headwinds. The probability is adjusted slightly upward to reflect these persistent macro-financial risks.","[""Inverted yield curve (YC_SPREAD: -0.60) and elevated credit spreads (2.08) indicate potential future manufacturing stress.""]","[""Positive 3-month IPMAN growth (0.35%) and low unemployment rate (3.4%) suggest current manufacturing resilience.""]",up,,
adaptive_agent,Adaptive agent,2023-05-01,2023-08-01,0.065,0.0,0.0042250000000000005,0.07281335839811412,0.065,-0.007813358398114117,-0.007813358398114117,0.065,passed,"The 3-month IPMAN change is positive (+0.35%), well above the -2% stress threshold. While the yield curve remains inverted, recent IPMAN growth and low unemployment suggest manufacturing stability, warranting a slight downward adjustment from the anchor.","[""3-month IPMAN change is positive at 0.35%""]","[""Inverted yield curve (YC_SPREAD -0.60)""]",down,d261ebf530c00d6ad89474534b69ce1e,https://us.cloud.langfuse.com/project/cmqqnar8v0eboad0cc5f3qinp/traces/d261ebf530c00d6ad89474534b69ce1e
historical_frequency,Historical frequency,2023-06-01,2023-09-01,0.06677524429967427,0.0,0.004458933251281181,,,,,,,,[],[],,,
logistic_c_0_001,Logistic (C=0.001),2023-06-01,2023-09-01,0.07315804171639624,0.0,0.005352099067777972,,,,,,,,[],[],,,
xgb_50_depth2_lr0_03_minchild3_l2_5,XGBoost (50 trees),2023-06-01,2023-09-01,0.051561444997787476,0.0,0.002658582610259863,,,,,,,,[],[],,,
hybrid_anchor,Hybrid anchor (logistic),2023-06-01,2023-09-01,0.07315804171639624,0.0,0.005352099067777972,0.07315804171639624,,,,,,,[],[],,,
analyst_agent,Analyst agent,2023-06-01,2023-09-01,0.12,0.0,0.0144,,,,,,,"IPMAN momentum remains positive over three months, offsetting recent minor declines. While the inverted yield curve and restrictive rates suggest long-term risk, current industrial data does not yet signal an imminent contraction meeting the threshold.",[],[],,,
hybrid_agent_adjusted,Hybrid agent adjusted,2023-06-01,2023-09-01,0.085,0.0,0.007225000000000001,0.07315804065830875,0.085,0.011841959341691258,0.011841959341691258,0.085,passed,"The 3-month IPMAN trend remains positive, but the inverted yield curve and negative 3-month XLI return suggest rising industrial headwinds, warranting a slight upward adjustment from the statistical anchor.","[""Inverted yield curve (YC_SPREAD: -0.76) and negative 3-month XLI return (-3.69%) indicate potential manufacturing sector weakness.""]","[""Positive 3-month IPMAN growth (0.12%) and low unemployment rate (3.6%) suggest current resilience in the manufacturing sector.""]",up,,
adaptive_agent,Adaptive agent,2023-06-01,2023-09-01,0.065,0.0,0.0042250000000000005,0.07315804065830875,0.065,-0.008158040658308746,-0.008158040658308746,0.065,passed,"The 3-month IPMAN change is positive (+0.116%), indicating no immediate stress. Despite a negative yield curve, the overall macro environment and stable IPMAN trends suggest the probability remains close to the statistical anchor.","[""Positive 3-month IPMAN change of 0.116%.""]","[""Inverted yield curve (YC_SPREAD -0.76) and negative 3-month XLI return.""]",neutral,5fe611c1e78a9c8887211a6e61749201,https://us.cloud.langfuse.com/project/cmqqnar8v0eboad0cc5f3qinp/traces/5fe611c1e78a9c8887211a6e61749201
historical_frequency,Historical frequency,2023-07-01,2023-10-01,0.06666666666666667,0.0,0.0044444444444444444,,,,,,,,[],[],,,
logistic_c_0_001,Logistic (C=0.001),2023-07-01,2023-10-01,0.07241875672216055,0.0,0.005244476325183474,,,,,,,,[],[],,,
xgb_50_depth2_lr0_03_minchild3_l2_5,XGBoost (50 trees),2023-07-01,2023-10-01,0.0526650995016098,0.0,0.002773612705514461,,,,,,,,[],[],,,
hybrid_anchor,Hybrid anchor (logistic),2023-07-01,2023-10-01,0.07241875672216055,0.0,0.005244476325183474,0.07241875672216055,,,,,,,[],[],,,
analyst_agent,Analyst agent,2023-07-01,2023-10-01,0.18,0.0,0.0324,,,,,,,"IPMAN momentum is currently positive, but the inverted yield curve and negative XLI returns suggest underlying manufacturing weakness. The probability is elevated above the base rate due to restrictive monetary policy and sector-specific headwinds.",[],[],,,
hybrid_agent_adjusted,Hybrid agent adjusted,2023-07-01,2023-10-01,0.085,0.0,0.007225000000000001,0.07241875566408298,0.085,0.012581244335917022,0.012581244335917022,0.085,passed,"IPMAN remains stable over three months, but the inverted yield curve and negative XLI performance suggest rising industrial sector headwinds, warranting a slight upward adjustment from the statistical anchor.","[""Inverted yield curve (YC_SPREAD: -0.76) and negative 3-month XLI return (-3.69%) indicate sector-specific weakness.""]","[""IPMAN 3-month change remains positive (0.07%) and unemployment (UNRATE: 3.6%) remains low, suggesting resilience.""]",up,,
adaptive_agent,Adaptive agent,2023-07-01,2023-10-01,0.065,0.0,0.0042250000000000005,0.07241875566408298,0.065,-0.007418755664082982,-0.007418755664082982,0.065,passed,"The 3-month IPMAN change is positive (0.068%), remaining well above the -2% stress threshold. While the yield curve is inverted, current industrial performance and stable macro indicators suggest low near-term risk of manufacturing stress.","[""3-month IPMAN change is positive at 0.0686%""]","[""Inverted yield curve (YC_SPREAD -0.76) suggests potential long-term economic headwinds""]",neutral,612a686a8549694df1270e85fe348c7a,https://us.cloud.langfuse.com/project/cmqqnar8v0eboad0cc5f3qinp/traces/612a686a8549694df1270e85fe348c7a
historical_frequency,Historical frequency,2023-08-01,2023-11-01,0.06655844155844155,0.0,0.004430026142688479,,,,,,,,[],[],,,
logistic_c_0_001,Logistic (C=0.001),2023-08-01,2023-11-01,0.0668659538026789,0.0,0.004471055777941989,,,,,,,,[],[],,,
xgb_50_depth2_lr0_03_minchild3_l2_5,XGBoost (50 trees),2023-08-01,2023-11-01,0.05883699655532837,0.0,0.0034617921636517224,,,,,,,,[],[],,,
hybrid_anchor,Hybrid anchor (logistic),2023-08-01,2023-11-01,0.0668659538026789,0.0,0.004471055777941989,0.0668659538026789,,,,,,,[],[],,,
analyst_agent,Analyst agent,2023-08-01,2023-11-01,0.18,0.0,0.0324,,,,,,,"IPMAN momentum is slightly negative but far from the -2% threshold. While the yield curve is inverted and rates are restrictive, strong equity returns and low unemployment suggest resilience, keeping stress probability near the trailing base rate.",[],[],,,
hybrid_agent_adjusted,Hybrid agent adjusted,2023-08-01,2023-11-01,0.085,0.0,0.007225000000000001,0.066865952681743,0.085,0.018134047318257004,0.018134047318257004,0.085,passed,"The IPMAN 3-month trend is negative, and the inverted yield curve signals persistent economic pressure. However, strong equity returns and low unemployment suggest manufacturing remains resilient, keeping the stress probability only modestly above the historical base rate.","[""Negative 3-month IPMAN change of -0.48% and inverted yield curve (-0.91%)""]","[""Strong 3-month XLI return (10.86%) and low unemployment rate (3.5%)""]",up,,
adaptive_agent,Adaptive agent,2023-08-01,2023-11-01,0.06,0.0,0.0036,0.066865952681743,0.06,-0.006865952681743004,-0.006865952681743004,0.06,passed,"The 3-month IPMAN contraction of -0.48% remains well above the -2% stress threshold. Recent 1-month growth of 0.4% and strong equity market returns suggest manufacturing stability, justifying a slight downward adjustment from the anchor.","[""3-month IPMAN contraction of -0.48% is significantly above the -2% stress threshold.""]","[""None are material; current macro and IPMAN trends indicate stability.""]",down,b1dabd176e16d20282143c73f2899b8d,https://us.cloud.langfuse.com/project/cmqqnar8v0eboad0cc5f3qinp/traces/b1dabd176e16d20282143c73f2899b8d
historical_frequency,Historical frequency,2023-09-01,2023-12-01,0.06645056726094004,0.0,0.004415677889300715,,,,,,,,[],[],,,
logistic_c_0_001,Logistic (C=0.001),2023-09-01,2023-12-01,0.06689872709129302,0.0,0.004475439686435303,,,,,,,,[],[],,,
xgb_50_depth2_lr0_03_minchild3_l2_5,XGBoost (50 trees),2023-09-01,2023-12-01,0.06111909821629524,0.0,0.0037355441667731443,,,,,,,,[],[],,,
hybrid_anchor,Hybrid anchor (logistic),2023-09-01,2023-12-01,0.06689872709129302,0.0,0.004475439686435303,0.06689872709129302,,,,,,,[],[],,,
analyst_agent,Analyst agent,2023-09-01,2023-12-01,0.25,0.0,0.0625,,,,,,,"IPMAN momentum is negative, but the 3-month decline is decelerating. While the inverted yield curve and high rates suggest macro headwinds, strong equity returns in XLI provide a countervailing signal of resilience.",[],[],,,
hybrid_agent_adjusted,Hybrid agent adjusted,2023-09-01,2023-12-01,0.09689873199737796,0.0,0.009389364262699679,0.06689873199737796,0.15,0.08310126800262203,0.03,0.09689873199737796,clamped,"The 3-month IPMAN decline of -0.34% is well above the -2% stress threshold. However, the inverted yield curve and elevated credit spreads suggest underlying economic fragility, warranting a modest upward adjustment from the base rate.","[""Inverted yield curve (-0.76%) and elevated credit spreads (1.83%) indicate potential future manufacturing headwinds.""]","[""Current 3-month IPMAN decline of -0.34% remains significantly above the -2% stress threshold.""]",up,,
adaptive_agent,Adaptive agent,2023-09-01,2023-12-01,0.06,0.0,0.0036,0.06689873199737796,0.06,-0.006898731997377963,-0.006898731997377963,0.06,passed,"The 3-month IPMAN contraction of -0.34% is well above the -2% stress threshold. Despite inverted yield curves, strong equity returns and stable credit spreads suggest low near-term risk of manufacturing stress.","[""3-month IPMAN contraction of -0.34% is significantly above the -2% stress threshold.""]","[""Inverted yield curve (YC_SPREAD -0.76) indicates potential long-term economic headwinds.""]",down,dd1bb466ab3be0565f695ca5c51cff9d,https://us.cloud.langfuse.com/project/cmqqnar8v0eboad0cc5f3qinp/traces/dd1bb466ab3be0565f695ca5c51cff9d
historical_frequency,Historical frequency,2023-10-01,2024-01-01,0.06634304207119741,0.0,0.00440139923126067,,,,,,,,[],[],,,
logistic_c_0_001,Logistic (C=0.001),2023-10-01,2024-01-01,0.06595034836979292,0.0,0.004349448450097048,,,,,,,,[],[],,,
xgb_50_depth2_lr0_03_minchild3_l2_5,XGBoost (50 trees),2023-10-01,2024-01-01,0.05175679549574852,0.0,0.0026787658799887343,,,,,,,,[],[],,,
hybrid_anchor,Hybrid anchor (logistic),2023-10-01,2024-01-01,0.06595034836979292,0.0,0.004349448450097048,0.06595034836979292,,,,,,,[],[],,,
analyst_agent,Analyst agent,2023-10-01,2024-01-01,0.08,0.0,0.0064,,,,,,,"IPMAN momentum is positive over 3 months, suggesting resilience. While the yield curve is inverted and rates are restrictive, strong equity returns and low unemployment support a low probability of near-term manufacturing stress.",[],[],,,
hybrid_agent_adjusted,Hybrid agent adjusted,2023-10-01,2024-01-01,0.06595035322063442,0.0,0.004349449089926445,0.06595035322063442,0.06595035322063442,0.0,0.0,0.06595035322063442,passed,"IPMAN shows positive momentum over three months, and equity returns (SPY, XLI) are strong. Despite the inverted yield curve, current manufacturing data does not indicate imminent stress.","[""Inverted yield curve (YC_SPREAD: -0.76) suggests long-term economic risk.""]","[""Positive 3-month IPMAN growth (0.39%) and strong 3-month XLI returns (12.2%) indicate current sector health.""]",neutral,,
adaptive_agent,Adaptive agent,2023-10-01,2024-01-01,0.06,0.0,0.0036,0.06595035322063442,0.06,-0.005950353220634419,-0.005950353220634419,0.06,passed,"The 3-month IPMAN change is positive (+0.39%), far from the -2% stress threshold. Recent growth and stable macro indicators, including positive equity returns, suggest low near-term risk of manufacturing stress.","[""3-month IPMAN change is positive at 0.39%""]","[""None are material""]",down,d3d72fc8460876cbe88f3b7de587360e,https://us.cloud.langfuse.com/project/cmqqnar8v0eboad0cc5f3qinp/traces/d3d72fc8460876cbe88f3b7de587360e
historical_frequency,Historical frequency,2023-11-01,2024-02-01,0.06623586429725363,0.0,0.0043871897192041985,,,,,,,,[],[],,,
logistic_c_0_001,Logistic (C=0.001),2023-11-01,2024-02-01,0.07423002557906132,0.0,0.005510096697468098,,,,,,,,[],[],,,
xgb_50_depth2_lr0_03_minchild3_l2_5,XGBoost (50 trees),2023-11-01,2024-02-01,0.12880657613277435,0.0,0.016591134055048196,,,,,,,,[],[],,,
hybrid_anchor,Hybrid anchor (logistic),2023-11-01,2024-02-01,0.07423002557906132,0.0,0.005510096697468098,0.07423002557906132,,,,,,,[],[],,,
analyst_agent,Analyst agent,2023-11-01,2024-02-01,0.18,0.0,0.0324,,,,,,,"IPMAN momentum is negative but remains well above the -2% stress threshold. While restrictive rates and an inverted yield curve suggest headwinds, the labor market remains resilient, keeping the probability of imminent stress relatively low.",[],[],,,
hybrid_agent_adjusted,Hybrid agent adjusted,2023-11-01,2024-02-01,0.1042300279363773,0.0,0.010863898723617992,0.0742300279363773,0.12,0.045769972063622696,0.03,0.1042300279363773,clamped,"IPMAN trends remain weak, and negative 3-month returns in SPY and XLI suggest deteriorating industrial sentiment. While current stress is low, the inverted yield curve and equity weakness increase the risk of a contraction.","[""Negative 3-month returns for both SPY (-8.3%) and XLI (-10.6%) indicate cooling industrial outlooks.""]","[""Current IPMAN 3-month decline of -0.54% remains well above the -2% stress threshold.""]",up,,
adaptive_agent,Adaptive agent,2023-11-01,2024-02-01,0.085,0.0,0.007225000000000001,0.0742300279363773,0.085,0.010769972063622707,0.010769972063622707,0.085,passed,"The 3-month IPMAN contraction of -0.54% is well above the -2% threshold. However, negative equity returns (SPY -8.3%, XLI -10.6%) and a persistent yield curve inversion suggest rising macroeconomic headwinds, warranting a slight upward adjustment.","[""Inverted yield curve (YC_SPREAD -0.19)""]","[""3-month IPMAN contraction (-0.54%) remains significantly above the -2% stress threshold""]",up,59a03f0f3582bac61822c57d5ea5e02a,https://us.cloud.langfuse.com/project/cmqqnar8v0eboad0cc5f3qinp/traces/59a03f0f3582bac61822c57d5ea5e02a
historical_frequency,Historical frequency,2023-12-01,2024-03-01,0.06612903225806452,0.0,0.004373048907388138,,,,,,,,[],[],,,
logistic_c_0_001,Logistic (C=0.001),2023-12-01,2024-03-01,0.0683314034561154,0.0,0.004669180698282419,,,,,,,,[],[],,,
xgb_50_depth2_lr0_03_minchild3_l2_5,XGBoost (50 trees),2023-12-01,2024-03-01,0.055784475058317184,0.0,0.003111907657532012,,,,,,,,[],[],,,
hybrid_anchor,Hybrid anchor (logistic),2023-12-01,2024-03-01,0.0683314034561154,0.0,0.004669180698282419,0.0683314034561154,,,,,,,[],[],,,
analyst_agent,Analyst agent,2023-12-01,2024-03-01,0.18,0.0,0.0324,,,,,,,"IPMAN momentum is negative (-1.76%) but approaching the -2% threshold. Restrictive Fed funds and an inverted yield curve suggest ongoing pressure, though low unemployment and stable credit spreads provide some resilience against immediate manufacturing contraction.",[],[],,,
hybrid_agent_adjusted,Hybrid agent adjusted,2023-12-01,2024-03-01,0.075,0.0,0.005625,0.06833140646786458,0.075,0.0066685935321354195,0.0066685935321354195,0.075,passed,"The 3-month IPMAN decline is nearing the -2% threshold. While macro indicators like low unemployment and stable credit spreads provide support, the inverted yield curve and negative XLI returns suggest elevated manufacturing sector risk.","[""3-month IPMAN change is -1.76%, approaching the -2% stress threshold.""]","[""Low unemployment rate (3.7%) and stable credit spreads indicate broader economic resilience.""]",up,,
adaptive_agent,Adaptive agent,2023-12-01,2024-03-01,0.065,0.0,0.0042250000000000005,0.06833140646786458,0.065,-0.0033314064678645755,-0.0033314064678645755,0.065,passed,"The 3-month IPMAN contraction of -1.76% is approaching the -2% threshold, but recent 1-month growth (+0.48%) and stable macro conditions (low VIX, moderate credit spreads) suggest a low probability of imminent stress.","[""3-month IPMAN contraction of -1.76% is nearing the -2% stress threshold.""]","[""Recent 1-month IPMAN growth of 0.48% and stable macro indicators like low VIX (12.92) and moderate credit spreads (1.67).""]",neutral,5580d73673df8a61b6e4acd5a1f33c26,https://us.cloud.langfuse.com/project/cmqqnar8v0eboad0cc5f3qinp/traces/5580d73673df8a61b6e4acd5a1f33c26
historical_frequency,Historical frequency,2024-01-01,2024-04-01,0.06602254428341385,0.0,0.0043589763536553425,,,,,,,,[],[],,,
logistic_c_0_001,Logistic (C=0.001),2024-01-01,2024-04-01,0.0633914173682383,0.0,0.004018471795954185,,,,,,,,[],[],,,
xgb_50_depth2_lr0_03_minchild3_l2_5,XGBoost (50 trees),2024-01-01,2024-04-01,0.04967780411243439,0.0,0.002467884221433403,,,,,,,,[],[],,,
hybrid_anchor,Hybrid anchor (logistic),2024-01-01,2024-04-01,0.0633914173682383,0.0,0.004018471795954185,0.0633914173682383,,,,,,,[],[],,,
analyst_agent,Analyst agent,2024-01-01,2024-04-01,0.28,0.0,0.07840000000000001,,,,,,,"The 3-month IPMAN decline (-6.08%) significantly exceeds the stress threshold. While equity markets and industrial sector returns remain resilient, the inverted yield curve and restrictive rates suggest persistent headwinds for manufacturing output.",[],[],,,
hybrid_agent_adjusted,Hybrid agent adjusted,2024-01-01,2024-04-01,0.0933914167174621,0.0,0.008721956716494658,0.0633914167174621,0.15,0.0866085832825379,0.03,0.0933914167174621,clamped,"The 3-month IPMAN decline of 6.08% significantly exceeds the stress threshold. While equity markets and unemployment remain resilient, the persistent contraction in industrial production signals elevated near-term stress risk.","[""IPMAN 3-month percentage change of -6.08% exceeds the -2% stress threshold.""]","[""Strong 3-month returns in SPY (11.6%) and XLI (13.1%) suggest resilient market sentiment.""]",up,,
adaptive_agent,Adaptive agent,2024-01-01,2024-04-01,0.06,0.0,0.0036,0.0633914167174621,0.06,-0.003391416717462098,-0.003391416717462098,0.06,passed,"The 3-month IPMAN contraction of -6.08% is significantly below the -2% threshold, indicating current stress. However, recent monthly stabilization and strong equity market returns suggest a potential recovery, justifying a slight downward adjustment from the anchor.","[""3-month IPMAN contraction of -6.08% exceeds the -2% stress threshold.""]","[""Strong 3-month SPY and XLI returns suggest positive market sentiment and potential manufacturing recovery.""]",down,440a5fcf15a8951632d83d2ce54cb074,https://us.cloud.langfuse.com/project/cmqqnar8v0eboad0cc5f3qinp/traces/440a5fcf15a8951632d83d2ce54cb074
historical_frequency,Historical frequency,2024-02-01,2024-05-01,0.06591639871382636,0.0,0.00434497161940013,,,,,,,,[],[],,,
logistic_c_0_001,Logistic (C=0.001),2024-02-01,2024-05-01,0.06486932846529433,0.0,0.004208029775538246,,,,,,,,[],[],,,
xgb_50_depth2_lr0_03_minchild3_l2_5,XGBoost (50 trees),2024-02-01,2024-05-01,0.12811337411403656,0.0,0.016413036626883093,,,,,,,,[],[],,,
hybrid_anchor,Hybrid anchor (logistic),2024-02-01,2024-05-01,0.06486932846529433,0.0,0.004208029775538246,0.06486932846529433,,,,,,,[],[],,,
analyst_agent,Analyst agent,2024-02-01,2024-05-01,0.18,0.0,0.0324,,,,,,,"IPMAN momentum is negative but remains above the -2% threshold. While the inverted yield curve and restrictive rates suggest headwinds, strong equity returns and low unemployment provide a buffer against immediate manufacturing contraction.",[],[],,,
hybrid_agent_adjusted,Hybrid agent adjusted,2024-02-01,2024-05-01,0.085,0.0,0.007225000000000001,0.06486932498836359,0.085,0.020130675011636415,0.020130675011636415,0.085,passed,"IPMAN shows a recent monthly decline of 1.54%, approaching the stress threshold. While macro indicators like equity returns remain positive, the inverted yield curve and weakening momentum suggest a slightly elevated risk of manufacturing stress.","[""IPMAN 1-month decline of 1.54% indicates accelerating downward momentum.""]","[""Strong 3-month and 12-month equity returns (SPY and XLI) suggest resilient market sentiment.""]",up,,
adaptive_agent,Adaptive agent,2024-02-01,2024-05-01,0.075,0.0,0.005625,0.06486932498836359,0.075,0.010130675011636406,0.010130675011636406,0.075,passed,"The 3-month IPMAN contraction is -1.07%, approaching the -2% threshold. While macro signals remain relatively stable, the recent 1-month decline of -1.54% increases the risk of hitting the stress threshold within the three-month horizon.","[""Recent 1-month IPMAN decline of -1.54%.""]","[""3-month trailing IPMAN contraction of -1.07% remains above the -2% threshold.""]",up,f5ffc6c84f11e0f52d81922a7c1edb1e,https://us.cloud.langfuse.com/project/cmqqnar8v0eboad0cc5f3qinp/traces/f5ffc6c84f11e0f52d81922a7c1edb1e
historical_frequency,Historical frequency,2024-03-01,2024-06-01,0.06581059390048154,0.0,0.004331034269534097,,,,,,,,[],[],,,
logistic_c_0_001,Logistic (C=0.001),2024-03-01,2024-06-01,0.06196823334302948,0.0,0.0038400619436561503,,,,,,,,[],[],,,
xgb_50_depth2_lr0_03_minchild3_l2_5,XGBoost (50 trees),2024-03-01,2024-06-01,0.0542965866625309,0.0,0.0029481193232017283,,,,,,,,[],[],,,
hybrid_anchor,Hybrid anchor (logistic),2024-03-01,2024-06-01,0.06196823334302948,0.0,0.0038400619436561503,0.06196823334302948,,,,,,,[],[],,,
analyst_agent,Analyst agent,2024-03-01,2024-06-01,0.12,0.0,0.0144,,,,,,,"IPMAN momentum is slightly negative but improving. While the yield curve remains inverted and rates are restrictive, strong equity returns and low credit spreads suggest resilience, keeping the probability near the trailing base rate.",[],[],,,
hybrid_agent_adjusted,Hybrid agent adjusted,2024-03-01,2024-06-01,0.065,0.0,0.0042250000000000005,0.06196823223449796,0.065,0.0030317677655020414,0.0030317677655020414,0.065,passed,"IPMAN trends remain stable with recent monthly growth. While the yield curve is inverted, strong equity returns and low unemployment suggest manufacturing resilience, keeping stress probability near the historical base rate.","[""Inverted yield curve (YC_SPREAD: -0.39) suggests long-term economic headwinds.""]","[""Positive 1-month IPMAN growth (1.26%) and strong 3-month XLI returns (13.65%) indicate current sector momentum.""]",neutral,,
adaptive_agent,Adaptive agent,2024-03-01,2024-06-01,0.06,0.0,0.0036,0.06196823223449796,0.06,-0.001968232234497963,-0.001968232234497963,0.06,passed,The 3-month IPMAN contraction of -0.3% is well above the -2% stress threshold. Recent 1-month growth of 1.26% and strong equity market returns suggest a low probability of imminent manufacturing stress.,"[""3-month IPMAN contraction of -0.3% is significantly above the -2% stress threshold.""]","[""None are material.""]",down,f79f31b7663c5b8756d0604defcd12de,https://us.cloud.langfuse.com/project/cmqqnar8v0eboad0cc5f3qinp/traces/f79f31b7663c5b8756d0604defcd12de
historical_frequency,Historical frequency,2024-04-01,2024-07-01,0.06570512820512821,0.0,0.004317163872452334,,,,,,,,[],[],,,
logistic_c_0_001,Logistic (C=0.001),2024-04-01,2024-07-01,0.062456501496347114,0.0,0.0039008145791632094,,,,,,,,[],[],,,
xgb_50_depth2_lr0_03_minchild3_l2_5,XGBoost (50 trees),2024-04-01,2024-07-01,0.05197451636195183,0.0,0.0027013503510587983,,,,,,,,[],[],,,
hybrid_anchor,Hybrid anchor (logistic),2024-04-01,2024-07-01,0.062456501496347114,0.0,0.0039008145791632094,0.062456501496347114,,,,,,,[],[],,,
analyst_agent,Analyst agent,2024-04-01,2024-07-01,0.18,0.0,0.0324,,,,,,,"IPMAN momentum is negative but improving. While the yield curve remains inverted and rates are restrictive, strong equity returns and low unemployment suggest resilience, keeping the probability of a sharp 2% decline relatively low.",[],[],,,
hybrid_agent_adjusted,Hybrid agent adjusted,2024-04-01,2024-07-01,0.085,0.0,0.007225000000000001,0.062456513775247524,0.085,0.022543486224752482,0.022543486224752482,0.085,passed,"The 3-month IPMAN decline is modest, and the inverted yield curve persists. However, strong equity returns and low unemployment suggest resilience, keeping the probability of manufacturing stress low but slightly elevated above the statistical anchor.","[""Inverted yield curve (YC_SPREAD: -0.39) suggests ongoing economic pressure.""]","[""Strong 3-month equity returns (SPY: 10.39%, XLI: 10.84%) and low unemployment (3.9%) indicate resilient demand.""]",up,,
adaptive_agent,Adaptive agent,2024-04-01,2024-07-01,0.06,0.0,0.0036,0.062456513775247524,0.06,-0.0024565137752475263,-0.0024565137752475263,0.06,passed,"The 3-month IPMAN contraction of -0.16% is well above the -2% stress threshold. Recent 1-month growth and stable macro indicators, including positive equity returns and manageable credit spreads, suggest low near-term risk of manufacturing stress.","[""3-month IPMAN contraction of -0.16% is significantly above the -2% stress threshold.""]","[""None are material.""]",down,9791aab98bc691aa121ec5f76daa8df8,https://us.cloud.langfuse.com/project/cmqqnar8v0eboad0cc5f3qinp/traces/9791aab98bc691aa121ec5f76daa8df8
historical_frequency,Historical frequency,2024-05-01,2024-08-01,0.0656,0.0,0.004303360000000001,,,,,,,,[],[],,,
logistic_c_0_001,Logistic (C=0.001),2024-05-01,2024-08-01,0.06416632583558579,0.0,0.004117317371238565,,,,,,,,[],[],,,
xgb_50_depth2_lr0_03_minchild3_l2_5,XGBoost (50 trees),2024-05-01,2024-08-01,0.05576099455356598,0.0,0.0031092885136028148,,,,,,,,[],[],,,
hybrid_anchor,Hybrid anchor (logistic),2024-05-01,2024-08-01,0.06416632583558579,0.0,0.004117317371238565,0.06416632583558579,,,,,,,[],[],,,
analyst_agent,Analyst agent,2024-05-01,2024-08-01,0.12,0.0,0.0144,,,,,,,"IPMAN momentum remains positive over three months, offsetting restrictive rates and yield curve inversion. Low jobless claims and strong equity returns suggest resilience, keeping the probability near the trailing base rate.",[],[],,,
hybrid_agent_adjusted,Hybrid agent adjusted,2024-05-01,2024-08-01,0.075,0.0,0.005625,0.06416632975716552,0.075,0.010833670242834478,0.010833670242834478,0.075,passed,"The three-month IPMAN trend remains positive, but the inverted yield curve and recent slight monthly IPMAN decline suggest rising risks. The probability is adjusted slightly upward from the anchor to reflect these mixed macroeconomic headwinds.","[""Inverted yield curve (YC_SPREAD: -0.35)""]","[""Positive three-month IPMAN change (0.85%)""]",up,,
adaptive_agent,Adaptive agent,2024-05-01,2024-08-01,0.06,0.0,0.0036,0.06416632975716552,0.06,-0.004166329757165521,-0.004166329757165521,0.06,passed,"The 3-month IPMAN change is positive (+0.85%), providing a significant buffer from the -2% stress threshold. Macro indicators, including strong XLI returns and stable credit spreads, support a low probability of near-term manufacturing stress.","[""3-month IPMAN change is positive at 0.85%""]","[""None are material""]",down,5209d13b591f0f81eea63f3461a2f826,https://us.cloud.langfuse.com/project/cmqqnar8v0eboad0cc5f3qinp/traces/5209d13b591f0f81eea63f3461a2f826
historical_frequency,Historical frequency,2024-06-01,2024-09-01,0.06549520766773163,0.0,0.004289622227439293,,,,,,,,[],[],,,
logistic_c_0_001,Logistic (C=0.001),2024-06-01,2024-09-01,0.06359252391851163,0.0,0.004044009098326473,,,,,,,,[],[],,,
xgb_50_depth2_lr0_03_minchild3_l2_5,XGBoost (50 trees),2024-06-01,2024-09-01,0.05088716000318527,0.0,0.002589503053189779,,,,,,,,[],[],,,
hybrid_anchor,Hybrid anchor (logistic),2024-06-01,2024-09-01,0.06359252391851163,0.0,0.004044009098326473,0.06359252391851163,,,,,,,[],[],,,
analyst_agent,Analyst agent,2024-06-01,2024-09-01,0.08,0.0,0.0064,,,,,,,"IPMAN momentum is positive over 1 and 3 months, suggesting resilience. While the yield curve remains inverted, strong equity returns and stable labor data mitigate immediate manufacturing stress risks despite restrictive interest rates.",[],[],,,
hybrid_agent_adjusted,Hybrid agent adjusted,2024-06-01,2024-09-01,0.065,0.0,0.0042250000000000005,0.06359252782137795,0.065,0.0014074721786220545,0.0014074721786220545,0.065,passed,"IPMAN trends are positive over 1m and 3m horizons, and equity returns (SPY, XLI) remain strong. Despite the inverted yield curve, current manufacturing momentum suggests low near-term stress risk.","[""Positive 1m and 3m IPMAN growth rates indicate current stability.""]","[""Inverted yield curve (YC_SPREAD) remains a persistent long-term recessionary signal.""]",neutral,,
adaptive_agent,Adaptive agent,2024-06-01,2024-09-01,0.06,0.0,0.0036,0.06359252782137795,0.06,-0.00359252782137795,-0.00359252782137795,0.06,passed,"The 3-month IPMAN change is positive (+0.15%), well above the -2% stress threshold. Recent monthly growth and stable macro indicators, including positive equity returns, suggest low near-term risk of manufacturing stress.","[""3-month IPMAN change is positive at 0.15%""]","[""None are material""]",down,69439c3119b4816da6d77bffeb829bce,https://us.cloud.langfuse.com/project/cmqqnar8v0eboad0cc5f3qinp/traces/69439c3119b4816da6d77bffeb829bce
historical_frequency,Historical frequency,2024-07-01,2024-10-01,0.06539074960127592,0.0,0.004275950133416766,,,,,,,,[],[],,,
logistic_c_0_001,Logistic (C=0.001),2024-07-01,2024-10-01,0.0651550052851173,0.0,0.004245174713703664,,,,,,,,[],[],,,
xgb_50_depth2_lr0_03_minchild3_l2_5,XGBoost (50 trees),2024-07-01,2024-10-01,0.04917064309120178,0.0,0.0024177521420023496,,,,,,,,[],[],,,
hybrid_anchor,Hybrid anchor (logistic),2024-07-01,2024-10-01,0.0651550052851173,0.0,0.004245174713703664,0.0651550052851173,,,,,,,[],[],,,
analyst_agent,Analyst agent,2024-07-01,2024-10-01,0.18,0.0,0.0324,,,,,,,"IPMAN momentum is slightly negative but remains well above the -2% stress threshold. While the yield curve is inverted and XLI returns are weak, low volatility and stable unemployment suggest manufacturing is not currently entering acute stress.",[],[],,,
hybrid_agent_adjusted,Hybrid agent adjusted,2024-07-01,2024-10-01,0.075,0.0,0.005625,0.06515500559110911,0.075,0.00984499440889089,0.00984499440889089,0.075,passed,"IPMAN trends remain stable, well above the -2% stress threshold. While the XLI 3-month return is negative, broader market performance and low volatility suggest limited immediate risk of manufacturing stress.","[""XLI 3-month return is negative at -2.91%""]","[""IPMAN 3-month change is only -0.17%, far from the -2% stress threshold""]",neutral,,
adaptive_agent,Adaptive agent,2024-07-01,2024-10-01,0.065,0.0,0.0042250000000000005,0.06515500559110911,0.065,-0.00015500559110910583,-0.00015500559110910583,0.065,passed,"The 3-month IPMAN contraction of -0.17% remains well above the -2% stress threshold. While XLI returns are negative, broader macro indicators like the VIX and credit spreads suggest stability, keeping risk near the historical base rate.","[""XLI_RETURN_3M is negative at -2.91%""]","[""3-month IPMAN contraction of -0.17% is significantly above the -2% stress threshold""]",neutral,cf79620883d7667b78a8b6480dea1ad1,https://us.cloud.langfuse.com/project/cmqqnar8v0eboad0cc5f3qinp/traces/cf79620883d7667b78a8b6480dea1ad1
historical_frequency,Historical frequency,2024-08-01,2024-11-01,0.06528662420382166,0.0,0.0042623432999310314,,,,,,,,[],[],,,
logistic_c_0_001,Logistic (C=0.001),2024-08-01,2024-11-01,0.06405422930092945,0.0,0.004102944291336049,,,,,,,,[],[],,,
xgb_50_depth2_lr0_03_minchild3_l2_5,XGBoost (50 trees),2024-08-01,2024-11-01,0.0499580018222332,0.0,0.0024958019460702557,,,,,,,,[],[],,,
hybrid_anchor,Hybrid anchor (logistic),2024-08-01,2024-11-01,0.06405422930092945,0.0,0.004102944291336049,0.06405422930092945,,,,,,,[],[],,,
analyst_agent,Analyst agent,2024-08-01,2024-11-01,0.12,0.0,0.0144,,,,,,,"IPMAN momentum is slightly negative but well above the -2% stress threshold. While the yield curve remains inverted and rates are restrictive, industrial equity performance (XLI) and broader market returns remain resilient, suggesting limited immediate manufacturing contraction.",[],[],,,
hybrid_agent_adjusted,Hybrid agent adjusted,2024-08-01,2024-11-01,0.075,0.0,0.005625,0.06405423105699405,0.075,0.010945768943005946,0.010945768943005946,0.075,passed,"IPMAN trends are slightly negative, and the yield curve remains inverted. However, strong equity returns and stable unemployment suggest manufacturing stress remains unlikely in the near term, warranting only a modest upward adjustment from the anchor.","[""Negative 3-month IPMAN change and inverted yield curve signal potential headwinds.""]","[""Strong 3-month and 12-month SPY and XLI returns indicate resilient market sentiment.""]",up,,
adaptive_agent,Adaptive agent,2024-08-01,2024-11-01,0.064,0.0,0.004096,0.06405423105699405,0.064,-5.4231056994050175e-05,-5.4231056994050175e-05,0.064,passed,"The 3-month IPMAN contraction of -0.41% remains well above the -2% stress threshold. Despite recent slight declines, macroeconomic indicators like positive equity returns and stable credit spreads suggest no immediate systemic manufacturing stress.","[""IPMAN 3-month contraction of -0.41% is significantly above the -2% stress threshold.""]","[""Recent 1-month IPMAN decline of -0.78% indicates short-term weakness.""]",neutral,3ba230a4ed3689c2134268834e723993,https://us.cloud.langfuse.com/project/cmqqnar8v0eboad0cc5f3qinp/traces/3ba230a4ed3689c2134268834e723993
historical_frequency,Historical frequency,2024-09-01,2024-12-01,0.06518282988871224,0.0,0.004248801312300798,,,,,,,,[],[],,,
logistic_c_0_001,Logistic (C=0.001),2024-09-01,2024-12-01,0.06333306883277388,0.0,0.004011077607776875,,,,,,,,[],[],,,
xgb_50_depth2_lr0_03_minchild3_l2_5,XGBoost (50 trees),2024-09-01,2024-12-01,0.0471268966794014,0.0,0.0022209443906309745,,,,,,,,[],[],,,
hybrid_anchor,Hybrid anchor (logistic),2024-09-01,2024-12-01,0.06333306883277388,0.0,0.004011077607776875,0.06333306883277388,,,,,,,[],[],,,
analyst_agent,Analyst agent,2024-09-01,2024-12-01,0.18,0.0,0.0324,,,,,,,"IPMAN momentum is slightly negative but far from the -2% threshold. While the yield curve remains inverted and rates are restrictive, strong equity returns and stable labor data suggest manufacturing resilience, keeping stress probability near the trailing base rate.",[],[],,,
hybrid_agent_adjusted,Hybrid agent adjusted,2024-09-01,2024-12-01,0.075,0.0,0.005625,0.06333307054224994,0.075,0.011666929457750053,0.011666929457750053,0.075,passed,"IPMAN trends remain slightly negative over three months, and the inverted yield curve persists. While recent monthly growth is positive, macroeconomic headwinds suggest a modest increase in stress risk above the statistical anchor.","[""Negative 3-month IPMAN change (-0.49%)"", ""Inverted yield curve (YC_SPREAD: -0.20)""]","[""Positive 1-month IPMAN growth (0.48%)"", ""Strong 3-month and 12-month equity returns (SPY/XLI)""]",up,,
adaptive_agent,Adaptive agent,2024-09-01,2024-12-01,0.065,0.0,0.0042250000000000005,0.06333307054224994,0.065,0.0016669294577500576,0.0016669294577500576,0.065,passed,"The 3-month IPMAN contraction of -0.49% remains well above the -2% stress threshold. While the yield curve is inverted, recent positive 1-month IPMAN growth and strong equity returns suggest low near-term stress risk.","[""Inverted yield curve (YC_SPREAD -0.20)""]","[""3-month IPMAN contraction (-0.49%) is significantly above the -2% stress threshold""]",neutral,953243839344411cd1cdb2f26ab311bb,https://us.cloud.langfuse.com/project/cmqqnar8v0eboad0cc5f3qinp/traces/953243839344411cd1cdb2f26ab311bb
historical_frequency,Historical frequency,2024-10-01,2025-01-01,0.06507936507936508,0.0,0.004235323759133283,,,,,,,,[],[],,,
logistic_c_0_001,Logistic (C=0.001),2024-10-01,2025-01-01,0.06222052092571956,0.0,0.0038713932242679053,,,,,,,,[],[],,,
xgb_50_depth2_lr0_03_minchild3_l2_5,XGBoost (50 trees),2024-10-01,2025-01-01,0.1177087351679802,0.0,0.013855346334845697,,,,,,,,[],[],,,
hybrid_anchor,Hybrid anchor (logistic),2024-10-01,2025-01-01,0.06222052092571956,0.0,0.0038713932242679053,0.06222052092571956,,,,,,,[],[],,,
analyst_agent,Analyst agent,2024-10-01,2025-01-01,0.18,0.0,0.0324,,,,,,,"IPMAN momentum is negative but remains well above the -2% stress threshold. Favorable equity returns and a positive yield spread suggest resilience, offsetting concerns from restrictive interest rates and recent slight manufacturing weakness.",[],[],,,
hybrid_agent_adjusted,Hybrid agent adjusted,2024-10-01,2025-01-01,0.075,0.0,0.005625,0.06222052444420911,0.075,0.012779475555790884,0.012779475555790884,0.075,passed,"IPMAN trends remain slightly negative, suggesting persistent weakness. However, strong equity returns (SPY/XLI) and stable labor market indicators (UNRATE, ICSA) mitigate immediate recessionary stress risks, keeping the probability of a sharp decline low.","[""IPMAN 3-month percentage change is negative at -0.87 percent.""]","[""Strong 3-month and 12-month returns in the industrial sector (XLI) suggest resilient manufacturing outlook.""]",up,,
adaptive_agent,Adaptive agent,2024-10-01,2025-01-01,0.065,0.0,0.0042250000000000005,0.06222052444420911,0.065,0.002779475555790889,0.002779475555790889,0.065,passed,"The 3-month IPMAN contraction of -0.87% remains well above the -2% stress threshold. While recent trends are slightly negative, strong equity returns and stable credit spreads suggest limited near-term risk of manufacturing stress.","[""3-month IPMAN contraction of -0.87% is significantly above the -2% stress threshold.""]","[""Positive 3-month and 12-month SPY and XLI returns indicate robust broader market and industrial sector sentiment.""]",neutral,bc7d4ace33a734901877c00eb44691ac,https://us.cloud.langfuse.com/project/cmqqnar8v0eboad0cc5f3qinp/traces/bc7d4ace33a734901877c00eb44691ac
historical_frequency,Historical frequency,2024-11-01,2025-02-01,0.06497622820919176,0.0,0.004221910232292967,,,,,,,,[],[],,,
logistic_c_0_001,Logistic (C=0.001),2024-11-01,2025-02-01,0.06360276379598437,0.0,0.00404531156248778,,,,,,,,[],[],,,
xgb_50_depth2_lr0_03_minchild3_l2_5,XGBoost (50 trees),2024-11-01,2025-02-01,0.10292858630418777,0.0,0.010594293878578631,,,,,,,,[],[],,,
hybrid_anchor,Hybrid anchor (logistic),2024-11-01,2025-02-01,0.06360276379598437,0.0,0.00404531156248778,0.06360276379598437,,,,,,,[],[],,,
analyst_agent,Analyst agent,2024-11-01,2025-02-01,0.18,0.0,0.0324,,,,,,,"IPMAN momentum is negative but remains well above the -2% stress threshold. Macro signals like low jobless claims and positive equity returns suggest resilience, offsetting the restrictive fed funds rate and narrow yield spread.",[],[],,,
hybrid_agent_adjusted,Hybrid agent adjusted,2024-11-01,2025-02-01,0.085,0.0,0.007225000000000001,0.06360276186857768,0.085,0.02139723813142233,0.02139723813142233,0.085,passed,"IPMAN trends remain slightly negative, and elevated VIX suggests heightened market caution. However, positive XLI returns and stable unemployment provide a buffer, keeping the probability of reaching the -2% stress threshold relatively low.","[""IPMAN 3-month change is negative at -0.75 percent, indicating a downward trend.""]","[""XLI 3-month return is positive at 5.01 percent, suggesting resilience in industrial equities.""]",up,,
adaptive_agent,Adaptive agent,2024-11-01,2025-02-01,0.06,0.0,0.0036,0.06360276186857768,0.06,-0.003602761868577678,-0.003602761868577678,0.06,passed,The 3-month IPMAN contraction of -0.75% remains well above the -2% stress threshold. Macro indicators like stable credit spreads and positive equity returns suggest limited near-term risk of manufacturing stress.,"[""3-month IPMAN contraction of -0.75% is significantly above the -2% stress threshold.""]","[""None are material.""]",down,a05b1965afb025f410e2de7d276541d2,https://us.cloud.langfuse.com/project/cmqqnar8v0eboad0cc5f3qinp/traces/a05b1965afb025f410e2de7d276541d2
historical_frequency,Historical frequency,2024-12-01,2025-03-01,0.06487341772151899,0.0,0.004208560326870694,,,,,,,,[],[],,,
logistic_c_0_001,Logistic (C=0.001),2024-12-01,2025-03-01,0.06305066526254235,0.0,0.003975386390049165,,,,,,,,[],[],,,
xgb_50_depth2_lr0_03_minchild3_l2_5,XGBoost (50 trees),2024-12-01,2025-03-01,0.1165977343916893,0.0,0.013595031665274926,,,,,,,,[],[],,,
hybrid_anchor,Hybrid anchor (logistic),2024-12-01,2025-03-01,0.06305066526254235,0.0,0.003975386390049165,0.06305066526254235,,,,,,,[],[],,,
analyst_agent,Analyst agent,2024-12-01,2025-03-01,0.18,0.0,0.0324,,,,,,,"IPMAN momentum is negative but decelerating, remaining above the -2% threshold. While the yield curve is nearly flat and rates are restrictive, strong equity returns and low jobless claims suggest resilience, keeping stress probability near the trailing average.",[],[],,,
hybrid_agent_adjusted,Hybrid agent adjusted,2024-12-01,2025-03-01,0.085,0.0,0.007225000000000001,0.06305066331888698,0.085,0.021949336681113027,0.021949336681113027,0.085,passed,"The three-month IPMAN decline is accelerating toward the stress threshold. While equity returns remain resilient, the narrowing yield spread and persistent manufacturing contraction suggest elevated risk compared to the statistical anchor.","[""IPMAN 3-month change is negative (-0.93%) and trending downward.""]","[""Positive 3-month and 12-month returns in XLI and SPY suggest continued market optimism.""]",up,,
adaptive_agent,Adaptive agent,2024-12-01,2025-03-01,0.065,0.0,0.0042250000000000005,0.06305066331888698,0.065,0.001949336681113023,0.001949336681113023,0.065,passed,"The 3-month IPMAN contraction of -0.93% remains well above the -2% stress threshold. While recent monthly growth is positive, the narrowing yield spread and elevated VIX suggest caution, keeping the probability slightly above the anchor.","[""3-month IPMAN contraction of -0.93% is significantly above the -2% stress threshold.""]","[""Narrowing yield spread (0.12) and elevated VIX (23.16) indicate potential macroeconomic headwinds.""]",up,3927944c90735c53529838adc5e25bac,https://us.cloud.langfuse.com/project/cmqqnar8v0eboad0cc5f3qinp/traces/3927944c90735c53529838adc5e25bac
